Date,Open,High,Low,Close,Volume,Dividends,Stock Splits
2021-10-07 00:00:00-04:00,283.29225249177205,284.69347521548,282.08301620161416,282.9755554199219,20430500,0.0,0.0
2021-10-08 00:00:00-04:00,284.29037692639525,284.69347521548,281.9294563433223,282.9755554199219,17685700,0.0,0.0
2021-10-11 00:00:00-04:00,281.1232531041537,285.9698628659202,280.9600866229127,282.3804931640625,19298600,0.0,0.0
2021-10-12 00:00:00-04:00,283.4458821015579,283.5418606976777,280.57630659547624,281.0849609375,17974100,0.0,0.0
2021-10-13 00:00:00-04:00,283.0331881435553,285.30773721131357,281.6703624588803,284.3768005371094,23416300,0.0,0.0
2021-10-14 00:00:00-04:00,287.1599913093113,291.05648172385895,285.83556297646015,290.55743408203125,27262900,0.0,0.0
2021-10-15 00:00:00-04:00,290.16399355489904,292.18903370330804,288.41728256762934,291.95867919921875,25384800,0.0,0.0
2021-10-18 00:00:00-04:00,291.3444250695116,295.7975445356027,290.49986035476513,294.91461181640625,22729300,0.0,0.0
2021-10-19 00:00:00-04:00,295.93190452763184,296.8436278454899,294.8474080448137,295.8167419433594,17682100,0.0,0.0
2021-10-20 00:00:00-04:00,296.75725195686545,297.2275382211196,293.7820916523756,295.0297546386719,16537100,0.0,0.0
2021-10-21 00:00:00-04:00,294.7994554629315,298.49438223529035,294.0220493838015,298.244873046875,16918100,0.0,0.0
2021-10-22 00:00:00-04:00,297.8993420062516,298.56155617287357,295.40404521926826,296.70928955078125,17449300,0.0,0.0
2021-10-25 00:00:00-04:00,296.9011486618996,296.93954594501974,294.1179460508695,295.720703125,17554500,0.0,0.0
2021-10-26 00:00:00-04:00,298.47520410987,299.8188165343258,296.1718643410095,297.62103271484375,28107300,0.0,0.0
2021-10-27 00:00:00-04:00,303.27377289207794,312.96702275678115,303.27377289207794,310.155029296875,52588700,0.0,0.0
2021-10-28 00:00:00-04:00,311.2682623002031,311.7865231097618,308.4178717804484,311.2874755859375,26297900,0.0,0.0
2021-10-29 00:00:00-04:00,311.0764222231841,318.62947157711153,310.8556743947785,318.2647705078125,34766000,0.0,0.0
2021-11-01 00:00:00-04:00,318.01525586042806,318.14002510806927,313.2262255270214,316.10540771484375,27073200,0.0,0.0
2021-11-02 00:00:00-04:00,317.00752073679007,320.02107850414706,316.71000761817237,319.7139587402344,26487100,0.0,0.0
2021-11-03 00:00:00-04:00,320.4529715980219,321.41269899381626,317.3338575616903,320.5489501953125,21500100,0.0,0.0
2021-11-04 00:00:00-04:00,319.48363531417436,322.98663410539643,316.2397523503642,322.8906555175781,23992200,0.0,0.0
2021-11-05 00:00:00-04:00,324.87734491876967,325.14606743028844,320.952063205826,322.5260009765625,22570100,0.0,0.0
2021-11-08 00:00:00-05:00,323.7160006633111,324.0519110698877,320.97119469393846,323.4184875488281,20897000,0.0,0.0
2021-11-09 00:00:00-05:00,323.5336680917774,325.07884433236194,321.0575844525398,322.42041015625,21307400,0.0,0.0
2021-11-10 00:00:00-05:00,321.0959121845267,321.15349346911216,316.63318689786576,317.47772216796875,25500900,0.0,0.0
2021-11-11 00:00:00-05:00,317.90964316198944,320.328145224204,317.1994543880921,319.0421142578125,16849800,0.0,0.0
2021-11-12 00:00:00-05:00,320.4721079279366,323.6488025020353,320.3473387102782,323.1593322753906,23831000,0.0,0.0
2021-11-15 00:00:00-05:00,323.94638389817203,324.2726876885674,320.57773146516666,322.53558349609375,16723000,0.0,0.0
2021-11-16 00:00:00-05:00,322.16120369996304,326.9502621097972,321.998066485535,325.83697509765625,20886800,0.0,0.0
2021-11-17 00:00:00-05:00,325.8850760747881,329.0098960712893,324.9812796361216,326.0581359863281,19053400,0.62,0.0
2021-11-18 00:00:00-05:00,325.15435635646554,329.25990808153233,324.1351865907532,328.1253356933594,22463500,0.0,0.0
2021-11-19 00:00:00-05:00,329.44260130183307,331.8078416400719,329.01954636756113,329.89447021484375,21963400,0.0,0.0
2021-11-22 00:00:00-05:00,331.3463268296399,336.2018344650954,326.47160009386823,326.7408142089844,31031100,0.0,0.0
2021-11-23 00:00:00-05:00,324.06784497801704,326.3754277340728,320.7122785777508,324.673583984375,30427600,0.0,0.0
2021-11-24 00:00:00-05:00,323.32755315823283,325.1351461786082,321.0488427828943,324.894775390625,21661300,0.0,0.0
2021-11-26 00:00:00-05:00,321.4719515047793,324.9140488540787,315.48189990283305,316.9818115234375,24217200,0.0,0.0
2021-11-29 00:00:00-05:00,322.03915370433015,325.9716160847785,321.84684534637535,323.6640625,28563500,0.0,0.0
2021-11-30 00:00:00-05:00,322.40445309853635,324.76969281694863,316.3182499094072,317.85662841796875,42885600,0.0,0.0
2021-12-01 00:00:00-05:00,322.22187131790565,326.21202075185647,316.7029671084376,317.3663635253906,33337600,0.0,0.0
2021-12-02 00:00:00-05:00,317.57784067361735,320.6449739601022,315.1741330410827,316.7990417480469,30766000,0.0,0.0
2021-12-03 00:00:00-05:00,319.20279534885117,319.88546954113923,305.7804982116358,310.5686950683594,41779300,0.0,0.0
2021-12-06 00:00:00-05:00,311.4724773249387,314.8376683407075,306.93427569570224,313.6261901855469,30032600,0.0,0.0
2021-12-07 00:00:00-05:00,318.8662948497607,322.8660390443126,317.38560254163633,322.01995849609375,31021900,0.0,0.0
2021-12-08 00:00:00-05:00,322.39489389495935,322.5775780301863,318.0585957516276,322.0679931640625,24761000,0.0,0.0
2021-12-09 00:00:00-05:00,321.5295600175577,323.5294319116375,319.3277555505204,320.27001953125,22214200,0.0,0.0
2021-12-10 00:00:00-05:00,322.0775956761069,329.7886790069199,321.894911553193,329.3464050292969,38095700,0.0,0.0
2021-12-13 00:00:00-05:00,327.55808990182186,330.5483179150928,326.0197109116661,326.327392578125,28899400,0.0,0.0
2021-12-14 00:00:00-05:00,320.38533968281865,321.7506583393585,311.62621502626087,315.69329833984375,44438700,0.0,0.0
2021-12-15 00:00:00-05:00,315.9529787432078,322.2795546002779,312.0012968945024,321.7603454589844,35381100,0.0,0.0
2021-12-16 00:00:00-05:00,322.7794315194058,323.7890062177765,310.57821058980744,312.38580322265625,35034800,0.0,0.0
2021-12-17 00:00:00-05:00,308.5207628124847,312.4051635201681,305.03057377478706,311.3282775878906,47750300,0.0,0.0
2021-12-20 00:00:00-05:00,307.722635580741,310.3667139438823,305.3381764176737,307.5880432128906,28326500,0.0,0.0
2021-12-21 00:00:00-05:00,310.8378448851712,315.1068317195721,307.4822492884366,314.68377685546875,24740600,0.0,0.0
2021-12-22 00:00:00-05:00,315.6548897596977,320.760362669551,313.2031195933652,320.3661804199219,24831500,0.0,0.0
2021-12-23 00:00:00-05:00,319.9334876096026,323.4333000256045,319.91426851160736,321.79876708984375,19617800,0.0,0.0
2021-12-27 00:00:00-05:00,322.53916090050194,329.2887920541107,322.51031757686,329.25994873046875,19947000,0.0,0.0
2021-12-28 00:00:00-05:00,329.9329216504245,330.567504020854,327.21193737349995,328.1061096191406,15661500,0.0,0.0
2021-12-29 00:00:00-05:00,328.15421774318594,331.0386674602681,326.596619590704,328.7792053222656,15042000,0.0,0.0
2021-12-30 00:00:00-05:00,328.7406955115323,329.9137060860202,325.76971620596595,326.2504577636719,15994500,0.0,0.0
2021-12-31 00:00:00-05:00,325.47164761227714,326.288884758608,322.9140990920403,323.3659973144531,18000800,0.0,0.0
2022-01-03 00:00:00-05:00,322.433341000755,324.98126516990294,317.0778734645708,321.8564453125,28865100,0.0,0.0
2022-01-04 00:00:00-05:00,321.93336411107276,322.28913749513237,313.55885476913005,316.3375549316406,32674300,0.0,0.0
2022-01-05 00:00:00-05:00,313.308871857317,313.5108044365724,303.8094433864934,304.19403076171875,40054300,0.0,0.0
2022-01-06 00:00:00-05:00,301.0884814026268,306.42473117892956,299.4924156466347,301.7903747558594,39646100,0.0,0.0
2022-01-07 00:00:00-05:00,302.0499324142328,304.3094237353557,298.14631308588326,301.9441833496094,32720000,0.0,0.0
2022-01-10 00:00:00-05:00,297.56942521329626,302.5979928961551,292.9543176051216,302.1653137207031,44289500,0.0,0.0
2022-01-11 00:00:00-05:00,301.309612939468,304.4151849277161,297.9540459272227,302.8479919433594,29386800,0.0,0.0
2022-01-12 00:00:00-05:00,307.35726904389804,310.95320590504565,304.8670023701138,306.01116943359375,34372200,0.0,0.0
2022-01-13 00:00:00-05:00,308.12657695710544,308.52078866011794,292.29094466926574,293.06011962890625,45366000,0.0,0.0
2022-01-14 00:00:00-05:00,292.53120896925554,298.84815945566663,292.0504674590349,298.2520446777344,39846400,0.0,0.0
2022-01-18 00:00:00-05:00,292.3582391420896,297.8675197676401,290.11796658264785,290.992919921875,42333200,0.0,0.0
2022-01-19 00:00:00-05:00,294.49264788128625,301.8191439350218,291.04092729643247,291.6466369628906,45933900,0.0,0.0
2022-01-20 00:00:00-05:00,297.1655554938759,299.64616870365205,289.5410024064944,289.9832763671875,35380700,0.0,0.0
2022-01-21 00:00:00-05:00,291.0313502433303,292.39663994676283,284.22403280045586,284.62786865234375,57984400,0.0,0.0
2022-01-24 00:00:00-05:00,280.9453442370806,285.6661999443274,265.41737031888897,284.9547119140625,85731500,0.0,0.0
2022-01-25 00:00:00-05:00,280.2915889984612,283.6279370796621,274.1861937797464,277.3782958984375,72848600,0.0,0.0
2022-01-26 00:00:00-05:00,296.1271750879496,296.61754086589866,281.74339590875957,285.2816467285156,90428900,0.0,0.0
2022-01-27 00:00:00-05:00,291.00240431729713,295.4636695050872,286.4545798515134,288.291015625,53481300,0.0,0.0
2022-01-28 00:00:00-05:00,288.6661016492175,296.59833777305556,283.10873012038377,296.3868103027344,49743700,0.0,0.0
2022-01-31 00:00:00-05:00,297.05023502997614,300.34811523788875,294.5695920371354,299.0020446777344,46444500,0.0,0.0
2022-02-01 00:00:00-05:00,298.45396439636784,298.6654918462446,293.37733494145994,296.8675231933594,40950400,0.0,0.0
2022-02-02 00:00:00-05:00,297.703977220742,302.9825093458668,296.9828649919706,301.3864440917969,36636000,0.0,0.0
2022-02-03 00:00:00-05:00,297.5694010605456,299.24240163998115,288.4064681116785,289.64678955078125,43730000,0.0,0.0
2022-02-04 00:00:00-05:00,288.6467895203125,296.9059245774293,288.4160430007419,294.1560974121094,35096500,0.0,0.0
2022-02-07 00:00:00-05:00,294.3773422215108,295.9830028319127,288.3488234105986,289.3583984375,28533300,0.0,0.0
2022-02-08 00:00:00-05:00,289.6467780186861,293.7907677485287,288.3968617508122,292.82928466796875,32421200,0.0,0.0
2022-02-09 00:00:00-05:00,297.9347910965561,299.91544411863055,295.55033156667764,299.2231750488281,31284700,0.0,0.0
2022-02-10 00:00:00-05:00,292.3293418995418,297.2136633368289,289.1179917352157,290.7332763671875,45386200,0.0,0.0
2022-02-11 00:00:00-05:00,291.51204526354115,292.5696824760353,282.8875412205064,283.67596435546875,39175600,0.0,0.0
2022-02-14 00:00:00-05:00,282.45487744042305,285.3297318388345,280.128104788829,283.63751220703125,36359500,0.0,0.0
2022-02-15 00:00:00-05:00,288.45451559979455,289.21406602076195,285.5796615630517,288.89678955078125,27058300,0.0,0.0
2022-02-16 00:00:00-05:00,287.47087375855756,289.8795515618136,282.95219184742473,288.5596008300781,29982100,0.62,0.0
2022-02-17 00:00:00-05:00,285.5342100439442,285.9581395746982,279.4065494858051,280.1098937988281,32461600,0.0,0.0
2022-02-18 00:00:00-05:00,282.34519885606585,283.1256081080043,275.8514129414356,277.4122314453125,34264000,0.0,0.0
2022-02-22 00:00:00-05:00,274.58928762159644,280.8903974019096,274.1075520292779,277.2099304199219,41736100,0.0,0.0
2022-02-23 00:00:00-05:00,279.5800143024753,281.04450907473114,269.868239331168,270.0320129394531,37811200,0.0,0.0
2022-02-24 00:00:00-05:00,262.55549170711595,284.37810398388814,261.60163542289047,283.82891845703125,56989700,0.0,0.0
2022-02-25 00:00:00-05:00,284.3588691791243,286.75790276376836,280.9963351099328,286.4495849609375,32546700,0.0,0.0
2022-02-28 00:00:00-05:00,283.5592782167526,288.21286175496726,282.2971329778482,287.8756408691406,34627500,0.0,0.0
2022-03-01 00:00:00-05:00,285.5728578838848,289.01245712557574,281.47810528267394,284.17584228515625,31217800,0.0,0.0
2022-03-02 00:00:00-05:00,284.57084383733564,290.4576682481348,282.9715074955346,289.22442626953125,31873000,0.0,0.0
2022-03-03 00:00:00-05:00,291.8258393249391,292.0570630305392,283.3087270663971,285.1104431152344,27314500,0.0,0.0
2022-03-04 00:00:00-05:00,283.53995896520416,284.85990985728677,276.6800484526404,279.2717590332031,32356500,0.0,0.0
2022-03-07 00:00:00-05:00,277.99032843801785,279.10795849514665,268.3556169829133,268.72174072265625,43157200,0.0,0.0
2022-03-08 00:00:00-05:00,267.6522801991081,273.58726615536074,260.1372168079997,265.7735290527344,48159500,0.0,0.0
2022-03-09 00:00:00-05:00,273.0862941142346,279.0212805569592,270.52345705468474,277.9614562988281,35204500,0.0,0.0
2022-03-10 00:00:00-05:00,272.68158699777644,276.13083008813146,270.33071510240313,275.15771484375,30628000,0.0,0.0
2022-03-11 00:00:00-05:00,277.44125259524674,278.93465110331965,269.22284164862316,269.8394775390625,27209300,0.0,0.0
2022-03-14 00:00:00-04:00,270.0994498709781,274.9746106570879,265.7445716446683,266.3419189453125,30660700,0.0,0.0
2022-03-15 00:00:00-04:00,270.1090844059089,277.3062135170462,268.54826618468866,276.6606750488281,34245100,0.0,0.0
2022-03-16 00:00:00-04:00,278.54910553558244,283.8096787213844,272.8550174149433,283.6362609863281,37826300,0.0,0.0
2022-03-17 00:00:00-04:00,282.5764817272433,284.81171260660994,278.7996616158856,284.43597412109375,30816600,0.0,0.0
2022-03-18 00:00:00-04:00,284.58046582678224,290.00481304770483,282.0369173074508,289.45562744140625,43390600,0.0,0.0
2022-03-21 00:00:00-04:00,287.9718985278678,289.17623743354596,284.12762874703543,288.2320251464844,28351200,0.0,0.0
2022-03-22 00:00:00-04:00,288.84863696836237,293.8586986740922,287.85626286698505,292.9530334472656,27599700,0.0,0.0
2022-03-23 00:00:00-04:00,289.53277788187336,292.15342106739143,286.8446846467914,288.5500183105469,25715400,0.0,0.0
2022-03-24 00:00:00-04:00,288.21282860571665,293.0879911974356,287.42277505614976,292.99163818359375,24484500,0.0,0.0
2022-03-25 00:00:00-04:00,294.0803119983577,294.3404386258809,288.35729097039587,292.5869140625,22566500,0.0,0.0
2022-03-28 00:00:00-04:00,293.2131286444829,299.44678744893827,293.2131286444829,299.3504638671875,29578200,0.0,0.0
2022-03-29 00:00:00-04:00,302.443281807603,304.2835155341289,297.7607959614938,303.88848876953125,30393400,0.0,0.0
2022-03-30 00:00:00-04:00,302.2987264531988,304.40873068688376,300.1983369373926,302.3950500488281,28163600,0.0,0.0
2022-03-31 00:00:00-04:00,302.43362184596117,303.6283461991608,296.64317958234875,297.0478210449219,33422100,0.0,0.0
2022-04-01 00:00:00-04:00,298.06902682456194,298.8012742137478,294.37894572954843,298.1172180175781,27110500,0.0,0.0
2022-04-04 00:00:00-04:00,298.76279420407815,303.59940925877385,298.3966704273003,303.46453857421875,24289600,0.0,0.0
2022-04-05 00:00:00-04:00,301.82660661689823,303.3681663887453,298.5508104784777,299.52392578125,23156700,0.0,0.0
2022-04-06 00:00:00-04:00,294.04175386251336,295.7856342398464,285.8715081688589,288.5596008300781,40110400,0.0,0.0
2022-04-07 00:00:00-04:00,285.8233266543766,292.5579799187454,285.5246529796034,290.36126708984375,31411200,0.0,0.0
2022-04-08 00:00:00-04:00,289.46531686660774,290.1204702874654,285.4572727698381,286.1220703125,24361900,0.0,0.0
2022-04-11 00:00:00-04:00,281.13124798929533,281.921271966205,274.5892708132743,274.83978271484375,34569300,0.0,0.0
2022-04-12 00:00:00-04:00,278.6744307786593,280.119637735793,270.24405686204636,271.7567138671875,30966700,0.0,0.0
2022-04-13 00:00:00-04:00,272.40219747053607,278.0384799408657,271.0244114373308,277.1135559082031,21907200,0.0,0.0
2022-04-14 00:00:00-04:00,277.56640502923614,277.7783698621316,269.1167734779353,269.6081237792969,28221600,0.0,0.0
2022-04-18 00:00:00-04:00,268.72171390745734,272.14202437159116,268.1725283526451,270.27288818359375,20778000,0.0,0.0
2022-04-19 00:00:00-04:00,269.17459327763214,275.71657107306396,268.2400250211419,274.8783264160156,22297700,0.0,0.0
2022-04-20 00:00:00-04:00,278.8285578322928,279.1176168323527,274.9457700942281,275.89959716796875,22906700,0.0,0.0
2022-04-21 00:00:00-04:00,278.0385607971482,282.58614693419463,269.82979513911937,270.5523986816406,29454600,0.0,0.0
2022-04-22 00:00:00-04:00,271.3904744390606,272.8549690161298,263.39367777780495,264.0199279785156,29405800,0.0,0.0
2022-04-25 00:00:00-04:00,263.30702351755633,270.8413451266627,260.8790575428307,270.4656066894531,35678900,0.0,0.0
2022-04-26 00:00:00-04:00,267.3632511079873,268.19182220528097,260.13721729425794,260.34918212890625,46518400,0.0,0.0
2022-04-27 00:00:00-04:00,271.795154326994,280.3411367431412,268.9625474500182,272.8742370605469,63477700,0.0,0.0
2022-04-28 00:00:00-04:00,274.77235637930573,280.35086291082894,271.1785981856094,279.0501708984375,33646600,0.0,0.0
2022-04-29 00:00:00-04:00,278.0673990236614,279.2910262219157,266.3997773201998,267.38250732421875,37073900,0.0,0.0
2022-05-02 00:00:00-04:00,267.56556930704056,274.5314764230111,266.1300066784379,274.0786437988281,35151100,0.0,0.0
2022-05-03 00:00:00-04:00,273.58726807497914,273.7510711128351,269.9164452309345,271.4869079589844,25978600,0.0,0.0
2022-05-04 00:00:00-04:00,272.2673535703565,280.2545389514792,266.6214258152803,279.3874206542969,33599300,0.0,0.0
2022-05-05 00:00:00-04:00,275.1095502622621,275.8899595127689,264.3186620189304,267.2187194824219,43260400,0.0,0.0
2022-05-06 00:00:00-04:00,264.77155329439324,269.049368342921,261.3608565604997,264.6944885253906,37780300,0.0,0.0
2022-05-09 00:00:00-04:00,260.19500872248045,262.4109805408289,253.70122277240785,254.91517639160156,47726000,0.0,0.0
2022-05-10 00:00:00-04:00,261.76542979874864,263.7501776417465,255.3872566913671,259.6554260253906,39336400,0.0,0.0
2022-05-11 00:00:00-04:00,255.97499051527322,261.447499215182,249.82804029550908,251.03237915039062,48975900,0.0,0.0
2022-05-12 00:00:00-04:00,248.27688839647124,250.3868926130945,240.88706627938942,246.02236938476562,51033800,0.0,0.0
2022-05-13 00:00:00-04:00,247.94928292003297,253.43143559809596,246.02234080198772,251.58155822753906,34925100,0.0,0.0
2022-05-16 00:00:00-04:00,250.46395431193443,256.1099105942852,246.43665192316664,251.9477081298828,32550900,0.0,0.0
2022-05-17 00:00:00-04:00,256.3893090476885,258.5282163055622,252.87264501904795,257.0733947753906,28828800,0.0,0.0
2022-05-18 00:00:00-04:00,253.98312086554714,254.56255593288276,244.10385759056012,245.3689422607422,31356000,0.62,0.0
2022-05-19 00:00:00-04:00,245.19508938818183,248.83585464293373,243.24435524609143,244.46115112304688,32692300,0.0,0.0
2022-05-20 00:00:00-04:00,248.420587153045,249.67603468949343,237.99087400334946,243.9010467529297,39199300,0.0,0.0
2022-05-23 00:00:00-04:00,246.7305445650261,252.5344867374103,244.74115917492952,251.713623046875,33175400,0.0,0.0
2022-05-24 00:00:00-04:00,249.04828011075938,252.37031292551026,244.80877669553468,250.7189483642578,29043900,0.0,0.0
2022-05-25 00:00:00-04:00,249.2897536459207,255.50893286369595,248.31437179357388,253.51956176757812,28547900,0.0,0.0
2022-05-26 00:00:00-04:00,253.27820036699703,257.9522599757763,252.46700286180052,256.78375244140625,25002100,0.0,0.0
2022-05-27 00:00:00-04:00,259.2752549960121,263.96861721941957,258.3867839504424,263.8720397949219,26910800,0.0,0.0
2022-05-31 00:00:00-04:00,263.1863562668899,265.3495488346776,259.70977573202504,262.5489807128906,37827700,0.0,0.0
2022-06-01 00:00:00-04:00,265.7648261496329,268.16944748829445,260.78173234380733,263.08013916015625,25292200,0.0,0.0
2022-06-02 00:00:00-04:00,255.38334728727818,265.23362274910033,252.63105360262074,265.166015625,44008200,0.0,0.0
2022-06-03 00:00:00-04:00,261.04251687853196,264.0748772583433,259.20766358686035,260.762451171875,28059000,0.0,0.0
2022-06-06 00:00:00-04:00,262.73246453455715,264.7797759619563,258.0584066884809,259.53594970703125,22400300,0.0,0.0
2022-06-07 00:00:00-04:00,257.49836222355793,263.76584558835543,256.8223496712607,263.1574401855469,22860700,0.0,0.0
2022-06-08 00:00:00-04:00,262.3943946678697,263.6401751761552,260.36638742610467,261.13897705078125,17372300,0.0,0.0
2022-06-09 00:00:00-04:00,258.5992407787773,263.36021011485053,255.55724349069746,255.71176147460938,26439700,0.0,0.0
2022-06-10 00:00:00-04:00,251.6460754214227,251.6460754214227,243.8720791834992,244.31631469726562,31422800,0.0,0.0
2022-06-13 00:00:00-04:00,236.70644141538565,240.48239119497188,233.24917940412797,233.9541473388672,46135800,0.0,0.0
2022-06-14 00:00:00-04:00,235.49932172717016,237.31487111467933,233.22988499278367,236.10772705078125,28651500,0.0,0.0
2022-06-15 00:00:00-04:00,239.79671901174797,246.5470730031909,237.9715180249655,243.12843322753906,33111700,0.0,0.0
2022-06-16 00:00:00-04:00,237.5466102902709,238.93724247462407,234.68810167633953,236.5712432861328,33169200,0.0,0.0
2022-06-17 00:00:00-04:00,236.3105360612127,241.91168786918539,235.66350856453076,239.15939331054688,43084800,0.0,0.0
2022-06-21 00:00:00-04:00,241.67988876042264,246.01595545881753,240.95560233610817,245.04058837890625,29928300,0.0,0.0
2022-06-22 00:00:00-04:00,243.25396979346604,248.3529589492158,241.7860787526344,244.4514617919922,25939900,0.0,0.0
2022-06-23 00:00:00-04:00,246.80786429478658,250.47757061654244,244.93437427025984,249.98504638671875,25861400,0.0,0.0
2022-06-24 00:00:00-04:00,252.83392578793828,258.7924022848079,252.747014945619,258.5220031738281,33923200,0.0,0.0
2022-06-27 00:00:00-04:00,259.01450212809226,259.1014129718145,254.25353259267325,255.808349609375,24615100,0.0,0.0
2022-06-28 00:00:00-04:00,254.92950951957212,257.7590479870569,247.53212753900692,247.6866455078125,27295500,0.0,0.0
2022-06-29 00:00:00-04:00,248.7585787991081,252.98841615797966,246.9913181866432,251.33705139160156,20069800,0.0,0.0
2022-06-30 00:00:00-04:00,248.23711675711792,250.63210141382953,244.22940398394073,248.024658203125,31730900,0.0,0.0
2022-07-01 00:00:00-04:00,247.59973919232516,250.86383187727745,245.88075254538774,250.6803436279297,22837700,0.0,0.0
2022-07-05 00:00:00-04:00,247.37760464946805,253.9637892662612,246.00629085879652,253.83824157714844,22941000,0.0,0.0
2022-07-06 00:00:00-04:00,254.70732668941758,258.80194878529204,253.40360556850436,257.0829772949219,23824400,0.0,0.0
2022-07-07 00:00:00-04:00,256.0303623949221,259.8352819464038,255.93378499828523,259.1979064941406,20859900,0.0,0.0
2022-07-08 00:00:00-04:00,255.7117696472832,258.90828502143717,254.26319665701553,258.4833679199219,19658800,0.0,0.0
2022-07-11 00:00:00-04:00,256.5422299287005,257.39206399672923,253.19119709803016,255.4413299560547,19455200,0.0,0.0
2022-07-12 00:00:00-04:00,256.76433395035434,256.822274498301,243.39882584810758,244.9729461669922,35868500,0.0,0.0
2022-07-13 00:00:00-04:00,241.61228376039588,244.8570873615849,239.603594413408,244.0555419921875,29497400,0.0,0.0
2022-07-14 00:00:00-04:00,241.97928690307253,246.39259810880876,237.5080204020861,245.3689422607422,25102800,0.0,0.0
2022-07-15 00:00:00-04:00,246.95274163762113,251.44331232373628,246.03531496080322,247.91845703125,29774100,0.0,0.0
2022-07-18 00:00:00-04:00,250.84451446983314,251.89714046464383,244.6156545937457,245.5330810546875,20975000,0.0,0.0
2022-07-19 00:00:00-04:00,248.74892353389214,250.81556833510322,244.98263991671732,250.632080078125,25012600,0.0,0.0
2022-07-20 00:00:00-04:00,250.98935133409913,255.78895661231545,250.0333028054799,253.27809143066406,22788300,0.0,0.0
2022-07-21 00:00:00-04:00,250.8831597992093,255.80831320834824,248.21777641916702,255.760009765625,22404700,0.0,0.0
2022-07-22 00:00:00-04:00,256.1462886118709,256.23319944277154,250.1878423691355,251.43359375,21881300,0.0,0.0
2022-07-25 00:00:00-04:00,252.05166965931448,252.53452726402583,248.0053205741304,249.9560546875,21056000,0.0,0.0
2022-07-26 00:00:00-04:00,250.95070998904438,250.97004315253255,241.01352289869635,243.2636260986328,39348000,0.0,0.0
2022-07-27 00:00:00-04:00,252.20619754450755,260.7913907687193,249.97539768074358,259.52630615234375,45994000,0.0,0.0
2022-07-28 00:00:00-04:00,260.5016230921822,268.3142539608766,258.6860741639379,266.93328857421875,33459300,0.0,0.0
2022-07-29 00:00:00-04:00,268.1791152582621,272.33167871252647,267.1457929503217,271.1148681640625,32152800,0.0,0.0
2022-08-01 00:00:00-04:00,268.29499686655436,271.63636311853617,266.38287021128184,268.4784851074219,21539600,0.0,0.0
2022-08-02 00:00:00-04:00,266.537425174636,268.3626412541174,263.0415404728972,265.39788818359375,22754200,0.0,0.0
2022-08-03 00:00:00-04:00,267.27132785781305,273.7802383800219,267.1264470117995,272.7855529785156,23518900,0.0,0.0
2022-08-04 00:00:00-04:00,272.13850053519735,274.0699307149256,270.5644096945988,273.9250793457031,18098700,0.0,0.0
2022-08-05 00:00:00-04:00,269.57938130013923,273.92509952465934,269.1254939956156,273.2104797363281,16774600,0.0,0.0
2022-08-08 00:00:00-04:00,274.31141927705306,276.11733164460054,269.74360476800535,270.7093200683594,18739200,0.0,0.0
2022-08-09 00:00:00-04:00,270.05259210657965,273.37462502798235,268.0921621074516,272.6213684082031,23405200,0.0,0.0
2022-08-10 00:00:00-04:00,278.29019759892526,279.87395540358807,277.1023571419585,279.2462463378906,24687800,0.0,0.0
2022-08-11 00:00:00-04:00,280.8783020655473,281.2259454287706,276.6871011826993,277.1795959472656,20065900,0.0,0.0
2022-08-12 00:00:00-04:00,278.58949041203584,281.9018859863281,277.1022809714472,281.9018859863281,22619700,0.0,0.0
2022-08-15 00:00:00-04:00,281.02309922866345,284.0940662295999,280.16359862776034,283.4084167480469,18085700,0.0,0.0
2022-08-16 00:00:00-04:00,281.9791529178918,283.958886627976,280.4630025536895,282.6744689941406,18102900,0.0,0.0
2022-08-17 00:00:00-04:00,280.4002359720042,283.8938831580585,280.1389500408416,281.9293212890625,18253400,0.62,0.0
2022-08-18 00:00:00-04:00,280.8357203997343,282.50027733774294,279.76148592010856,280.8163757324219,17186200,0.0,0.0
2022-08-19 00:00:00-04:00,279.5873182545467,279.9260419302894,276.35498651754625,276.92596435546875,20570000,0.0,0.0
2022-08-22 00:00:00-04:00,272.9871317684134,273.3548871851572,268.28380815555704,268.7967224121094,25061100,0.0,0.0
2022-08-23 00:00:00-04:00,267.5289001464844,269.8708743926488,266.52241649828346,267.5289001464844,17527400,0.0,0.0
2022-08-24 00:00:00-04:00,266.5321774149117,268.29351690361904,266.24183017802443,266.8999328613281,18137000,0.0,0.0
2022-08-25 00:00:00-04:00,268.3902454376077,270.02577059536407,265.67082824168347,269.86126708984375,16583400,0.0,0.0
2022-08-26 00:00:00-04:00,270.08381644498274,271.3032096749944,259.34164963640063,259.4480895996094,27549300,0.0,0.0
2022-08-29 00:00:00-04:00,257.2803379595906,258.7803619357156,255.34480790841272,256.6803283691406,20338500,0.0,0.0
2022-08-30 00:00:00-04:00,258.0738909142503,258.4416167849743,252.25761414315465,254.49314880371094,22767100,0.0,0.0
2022-08-31 00:00:00-04:00,256.835171011409,258.4996984815058,252.90601788695525,253.04151916503906,24791800,0.0,0.0
2022-09-01 00:00:00-04:00,250.52536296277327,252.48026749324697,247.17690376904113,252.00604248046875,23263400,0.0,0.0
2022-09-02 00:00:00-04:00,253.2640858923777,256.2060699210947,246.26713504013372,247.80587768554688,22855400,0.0,0.0
2022-09-06 00:00:00-04:00,247.94138995000887,249.5188219970164,243.81870184632467,245.0864715576172,21328200,0.0,0.0
2022-09-07 00:00:00-04:00,246.48976943648967,250.4866292810051,245.05748121497774,249.77049255371094,24126700,0.0,0.0
2022-09-08 00:00:00-04:00,249.2091619552673,252.03501907292284,246.57682534056357,250.18658447265625,20319900,0.0,0.0
2022-09-09 00:00:00-04:00,252.10279358860814,256.6803328721326,251.8995711991458,255.9351348876953,22084700,0.0,0.0
2022-09-12 00:00:00-04:00,257.2125840758803,258.82876464312335,256.6125744929972,258.0545349121094,18747700,0.0,0.0
2022-09-13 00:00:00-04:00,250.49629269213037,252.00600375133774,243.47999634028216,243.8671112060547,33353300,0.0,0.0
2022-09-14 00:00:00-04:00,245.35744562009026,246.03487812902216,241.8057500396919,244.0896759033203,23913000,0.0,0.0
2022-09-15 00:00:00-04:00,241.71867215528192,243.29611908968658,236.15402331387534,237.47018432617188,31530900,0.0,0.0
2022-09-16 00:00:00-04:00,236.38629220933913,237.3927761581187,234.2572119949683,236.850830078125,39791800,0.0,0.0
2022-09-19 00:00:00-04:00,234.65397254260654,237.23790323040416,233.0861980227324,236.6378936767578,26826900,0.0,0.0
2022-09-20 00:00:00-04:00,234.2669028613096,235.66047218929285,231.91522600942378,234.6346435546875,26660300,0.0,0.0
2022-09-21 00:00:00-04:00,236.3959688481416,239.6766917207571,231.19906057717108,231.24745178222656,28625600,0.0,0.0
2022-09-22 00:00:00-04:00,230.20222575018326,235.99914265894625,229.91190810164895,233.21197509765625,31061200,0.0,0.0
2022-09-23 00:00:00-04:00,231.8184307644762,233.35718839815166,227.61833404254136,230.2506561279297,34176000,0.0,0.0
2022-09-26 00:00:00-04:00,229.4087220067833,233.66688257896323,229.26354838030127,229.7958221435547,27694200,0.0,0.0
2022-09-27 00:00:00-04:00,232.24426616908045,234.00560575138226,226.94091751914982,228.7893524169922,27018700,0.0,0.0
2022-09-28 00:00:00-04:00,229.1764446378298,234.51851197700628,227.16349151340208,233.29913330078125,29029700,0.0,0.0
2022-09-29 00:00:00-04:00,231.18938529349765,232.21521385312766,226.853802133828,229.8441925048828,27484200,0.0,0.0
2022-09-30 00:00:00-04:00,230.60872427461211,232.78619560885667,225.22795302914213,225.39247131347656,35694800,0.0,0.0
2022-10-03 00:00:00-04:00,227.8215623611014,233.82170241211634,227.0957386105692,232.97975158691406,28880400,0.0,0.0
2022-10-04 00:00:00-04:00,237.18953820241006,242.28966427196394,237.08308345370094,240.8573760986328,34888400,0.0,0.0
2022-10-05 00:00:00-04:00,238.0605356080036,242.50257374872547,236.23146021082852,241.16705322265625,20347100,0.0,0.0
2022-10-06 00:00:00-04:00,239.93798363059574,242.2703009633561,238.1476271342794,238.83473205566406,20239900,0.0,0.0
2022-10-07 00:00:00-04:00,233.13462052161643,233.5410948826366,225.65379998930908,226.68931579589844,37769600,0.0,0.0
2022-10-10 00:00:00-04:00,225.5376480865996,226.99896799750226,219.42136587622,221.86013793945312,29743600,0.0,0.0
2022-10-11 00:00:00-04:00,220.28271958947494,221.67630390022558,216.88586890721447,218.1439666748047,30474000,0.0,0.0
2022-10-12 00:00:00-04:00,218.13423774935973,220.5149462849339,216.74066847271945,218.47296142578125,21903900,0.0,0.0
2022-10-13 00:00:00-04:00,212.7631757709487,228.48935957942223,212.0663836762347,226.68931579589844,42551800,0.0,0.0
2022-10-14 00:00:00-04:00,227.9473631652827,229.5925754900993,220.97945807089755,221.19236755371094,30198600,0.0,0.0
2022-10-17 00:00:00-04:00,228.21834487388986,231.2571263231049,227.5602570081076,229.8732147216797,28142300,0.0,0.0
2022-10-18 00:00:00-04:00,235.3991931876777,236.0669387164965,227.782871649091,230.81198120117188,26329600,0.0,0.0
2022-10-19 00:00:00-04:00,229.39898638890583,231.8861492807651,226.73763290241635,228.85704040527344,19985700,0.0,0.0
2022-10-20 00:00:00-04:00,228.16997903446602,233.53139112693572,227.29898159472276,228.5377197265625,21811000,0.0,0.0
2022-10-21 00:00:00-04:00,227.17316603704901,235.16689978355862,226.9408971162325,234.3152618408203,26299700,0.0,0.0
2022-10-24 00:00:00-04:00,235.90241694894004,239.850900353894,233.52172305739012,239.27992248535156,24911200,0.0,0.0
2022-10-25 00:00:00-04:00,239.28956155004425,242.94771196115997,237.90566472884615,242.57997131347656,34775500,0.0,0.0
2022-10-26 00:00:00-04:00,223.718229712473,230.61839877791698,222.64400998891642,223.8634033203125,82543200,0.0,0.0
2022-10-27 00:00:00-04:00,223.592409520333,226.15699552057893,218.50197115457948,219.44070434570312,40424600,0.0,0.0
2022-10-28 00:00:00-04:00,218.9471714496145,228.97321801422746,218.763293726381,228.26673889160156,40647700,0.0,0.0
2022-10-31 00:00:00-04:00,226.22473999169745,227.34735093033876,223.69887276321543,224.6472930908203,28357300,0.0,0.0
2022-11-01 00:00:00-04:00,227.0376938120004,228.14094541319034,220.00203754140927,220.81495666503906,30592300,0.0,0.0
2022-11-02 00:00:00-04:00,222.06334620744084,223.84403012553616,212.94698761825015,213.00506591796875,38407000,0.0,0.0
2022-11-03 00:00:00-04:00,212.9954026993864,213.3050945982589,207.08235775345725,207.34365844726562,36633900,0.0,0.0
2022-11-04 00:00:00-04:00,210.53729517480699,214.4470595832424,206.55009302136054,214.25350952148438,36789100,0.0,0.0
2022-11-07 00:00:00-05:00,214.8341789629505,221.04722910682952,214.1470592473895,220.52462768554688,33498000,0.0,0.0
2022-11-08 00:00:00-05:00,221.3278218327516,224.18272523318964,218.56001372616598,221.49234008789062,28192500,0.0,0.0
2022-11-09 00:00:00-05:00,220.04074269428185,221.26013615245242,217.09874333274988,217.27293395996094,27852900,0.0,0.0
2022-11-10 00:00:00-05:00,227.84092326094827,235.48627617138314,227.42479136911933,235.14755249023438,46268000,0.0,0.0
2022-11-11 00:00:00-05:00,235.15723711883936,239.99606241623323,234.1313937515766,239.14442443847656,34620200,0.0,0.0
2022-11-14 00:00:00-05:00,234.1894756115481,236.0475827819004,231.49908988674315,233.76365661621094,31123300,0.0,0.0
2022-11-15 00:00:00-05:00,237.74114480461608,239.03794631342942,232.29262332719875,234.1700897216797,31390100,0.0,0.0
2022-11-16 00:00:00-05:00,235.62581110898188,236.6060177766138,233.32574917375413,234.5970916748047,24093300,0.68,0.0
2022-11-17 00:00:00-05:00,230.76366974368625,236.07226408161256,230.61810181463593,234.548583984375,23123500,0.0,0.0
2022-11-18 00:00:00-05:00,236.3245938837583,236.5478177930803,231.9767921721455,234.1021728515625,27613500,0.0,0.0
2022-11-21 00:00:00-05:00,234.3059689787537,237.45036963154155,234.07306028423957,234.90768432617188,26394700,0.0,0.0
2022-11-22 00:00:00-05:00,236.40221710449453,238.0714650543678,233.6072093349116,237.7997283935547,19665700,0.0,0.0
2022-11-23 00:00:00-05:00,237.8773882479825,240.95384732065142,237.06217820148206,240.27450561523438,19508500,0.0,0.0
2022-11-25 00:00:00-05:00,240.01249847329183,241.36148245970276,239.44961104470116,240.18719482421875,9200800,0.0,0.0
2022-11-28 00:00:00-05:00,238.81875468278062,239.37192761122702,233.69455635778226,234.626220703125,24778200,0.0,0.0
2022-11-29 00:00:00-05:00,234.27685297681788,235.6258367832805,231.18099474535325,233.23843383789062,17956300,0.0,0.0
2022-11-30 00:00:00-05:00,233.47133933183883,247.79580032500542,232.78228328422537,247.6114044189453,47594200,0.0,0.0
2022-12-01 00:00:00-05:00,246.3788718348064,248.56247947765692,243.51592255366535,247.1746826171875,26041500,0.0,0.0
2022-12-02 00:00:00-05:00,242.44836247070083,248.5042241703363,242.3221937491133,247.4949188232422,21528500,0.0,0.0
2022-12-05 00:00:00-05:00,244.57375787361877,246.3303613663216,240.74031627098933,242.81716918945312,23435300,0.0,0.0
2022-12-06 00:00:00-05:00,243.41890331596056,244.42820886485632,236.58662873937655,237.8870849609375,22463700,0.0,0.0
2022-12-07 00:00:00-05:00,237.60562791314456,238.89638442921668,235.06294286518101,237.15919494628906,20481500,0.0,0.0
2022-12-08 00:00:00-05:00,237.61533452681962,241.4002634352855,235.88785939315616,240.09979248046875,22611800,0.0,0.0
2022-12-09 00:00:00-05:00,237.47946700334126,240.9829448599812,236.95540766792848,238.17822265625,20609700,0.0,0.0
2022-12-12 00:00:00-05:00,240.1483619198114,245.08816510347418,239.8766252092963,245.05905151367188,30665100,0.0,0.0
2022-12-13 00:00:00-05:00,253.96813536884156,256.13234388565945,245.6024963823434,249.33889770507812,42196900,0.0,0.0
2022-12-14 00:00:00-05:00,249.54272515265737,254.84160556776638,246.8059293712521,249.63006591796875,35410900,0.0,0.0
2022-12-15 00:00:00-05:00,246.23330237453274,246.6991345223688,240.04155689170804,241.6622772216797,35560400,0.0,0.0
2022-12-16 00:00:00-05:00,241.21585785298825,242.46778637167077,236.32456849542362,237.46975708007812,86102000,0.0,0.0
2022-12-19 00:00:00-05:00,237.63473277219197,237.9744109828848,231.66621136200337,233.3548583984375,29696400,0.0,0.0
2022-12-20 00:00:00-05:00,232.33584867761797,235.74228609848038,231.38477037827317,234.6650390625,25150800,0.0,0.0
2022-12-21 00:00:00-05:00,234.55828309775762,238.37231067567322,233.02490350803566,237.21742248535156,23690600,0.0,0.0
2022-12-22 00:00:00-05:00,234.14097913275145,234.84944921071,226.96904125544336,231.1615753173828,28651700,0.0,0.0
2022-12-23 00:00:00-05:00,229.1429380757911,231.82149149891836,227.03697155694044,231.6856231689453,21207000,0.0,0.0
2022-12-27 00:00:00-05:00,231.65652750812146,231.8797366085177,228.87121912390276,229.96788024902344,16688600,0.0,0.0
2022-12-28 00:00:00-05:00,229.8999205275325,232.6464155156222,227.26018028486453,227.60955810546875,17457100,0.0,0.0
2022-12-29 00:00:00-05:00,228.69655133952642,234.78154345128436,228.69655133952642,233.8983917236328,19770700,0.0,0.0
2022-12-30 00:00:00-05:00,231.18097605137052,232.87933756720665,229.67671003277965,232.74346923828125,21938500,0.0,0.0
2023-01-03 00:00:00-05:00,235.90726682667218,238.4984794551215,230.39486293780934,232.5105438232422,25740000,0.0,0.0
2023-01-04 00:00:00-05:00,225.42598740565919,225.99857440296276,219.29248275940205,222.33982849121094,50623400,0.0,0.0
2023-01-05 00:00:00-05:00,220.49587519530553,220.8355534662342,215.21639405316571,215.7501678466797,39585600,0.0,0.0
2023-01-06 00:00:00-05:00,216.4198034707522,219.09835714227594,212.87751216247153,218.2928466796875,43613600,0.0,0.0
2023-01-09 00:00:00-05:00,219.76798480761224,224.41665135349578,219.7291716302323,220.418212890625,27369800,0.0,0.0
2023-01-10 00:00:00-05:00,221.0393201111181,224.48457072526574,220.62201553173728,222.09716796875,27033900,0.0,0.0
2023-01-11 00:00:00-05:00,224.4651718383663,228.98766979827053,224.2904903213458,228.81298828125,28669300,0.0,0.0
2023-01-12 00:00:00-05:00,228.3180371449277,232.8211212975009,226.66820302336927,231.47213745117188,27269500,0.0,0.0
2023-01-13 00:00:00-05:00,230.00668936190732,232.30675151679418,227.98806347571494,232.17088317871094,21333300,0.0,0.0
2023-01-17 00:00:00-05:00,230.94806647820474,233.80131636600996,230.09402846864725,233.25784301757812,29831300,0.0,0.0
2023-01-18 00:00:00-05:00,234.4418522484385,235.22794870990262,228.57037036509706,228.851806640625,30028700,0.0,0.0
2023-01-19 00:00:00-05:00,226.88168988104673,228.57035182284125,223.87315781209423,225.08627319335938,28623000,0.0,0.0
2023-01-20 00:00:00-05:00,227.92982862321074,233.63632824749806,227.59015038517927,233.1316680908203,35389800,0.0,0.0
2023-01-23 00:00:00-05:00,233.985748604931,237.93564539521486,232.57852262749645,235.4220733642578,31934000,0.0,0.0
2023-01-24 00:00:00-05:00,235.34439747923588,236.75160844059997,233.3451855854794,234.89796447753906,40234400,0.0,0.0
2023-01-25 00:00:00-05:00,227.5610395748184,236.1207891156233,224.08667522306712,233.51016235351562,66526600,0.0,0.0
2023-01-26 00:00:00-05:00,236.46045082013288,240.9829486422917,234.85914439539755,240.68209838867188,33454500,0.0,0.0
2023-01-27 00:00:00-05:00,241.6428822092,242.45809218411858,239.54661529494882,240.83737182617188,26498900,0.0,0.0
2023-01-30 00:00:00-05:00,237.2950615090347,238.35290934630353,235.0532267167277,235.54818725585938,25867400,0.0,0.0
2023-01-31 00:00:00-05:00,236.26636386768823,240.63357952072695,235.78111768401726,240.49771118164062,26541100,0.0,0.0
2023-02-01 00:00:00-05:00,240.68212262765826,247.6502511666021,238.2267779645673,245.29196166992188,31259900,0.0,0.0
2023-02-02 00:00:00-05:00,251.1827927216543,256.87957707013254,249.65911289346886,256.792236328125,39940400,0.0,0.0
2023-02-03 00:00:00-05:00,251.8816493895354,256.40414831043,249.51364515426727,250.7267608642578,29077300,0.0,0.0
2023-02-06 00:00:00-05:00,249.8435718125182,250.67818108032117,247.2620584126065,249.19332885742188,22518000,0.0,0.0
2023-02-07 00:00:00-05:00,252.84238703481986,260.8392350360664,252.40565360237943,259.6649475097656,50841400,0.0,0.0
2023-02-08 00:00:00-05:00,265.1384914873045,268.5934414880708,258.354730598475,258.8594055175781,54686000,0.0,0.0
2023-02-09 00:00:00-05:00,265.72079145937573,265.8955025899572,255.0453756946998,255.8411865234375,42375100,0.0,0.0
2023-02-10 00:00:00-05:00,253.81288289399168,256.29734113427406,252.96855922241394,255.33656311035156,25818500,0.0,0.0
2023-02-13 00:00:00-05:00,259.7426206728503,266.49724001770915,259.26705921966635,263.31402587890625,44630900,0.0,0.0
2023-02-14 00:00:00-05:00,264.6241010434973,266.8562210866009,261.3341185199705,264.13885498046875,37047900,0.0,0.0
2023-02-15 00:00:00-05:00,261.0546954493352,263.39944334315715,258.97262606555677,262.0276184082031,28922400,0.68,0.0
2023-02-16 00:00:00-05:00,256.8711651698153,259.5175173851741,254.8085727958793,255.0518035888672,29603600,0.0,0.0
2023-02-17 00:00:00-05:00,252.36654467181947,253.04757304733442,249.06832101285343,251.07254028320312,30000100,0.0,0.0
2023-02-21 00:00:00-05:00,247.58946437392655,248.57212619836037,244.77771723097973,245.82847595214844,28397400,0.0,0.0
2023-02-22 00:00:00-05:00,247.2100181685843,247.45324893497764,243.5615566726842,244.6998748779297,22491100,0.0,0.0
2023-02-23 00:00:00-05:00,248.64026115369037,249.88560171481558,243.6978093067613,247.8716583251953,29219100,0.0,0.0
2023-02-24 00:00:00-05:00,243.19186174048357,244.20369522047608,241.38222420199676,242.47189331054688,24990900,0.0,0.0
2023-02-27 00:00:00-05:00,245.62417017099744,245.97442307770388,242.63728915469153,243.38644409179688,21190000,0.0,0.0
2023-02-28 00:00:00-05:00,242.3259744546454,244.68044668021838,241.99516930320846,242.66648864746094,22491000,0.0,0.0
2023-03-01 00:00:00-05:00,243.9701913432016,244.13558648881542,239.1347623459425,239.60177612304688,27565300,0.0,0.0
2023-03-02 00:00:00-05:00,239.8742178244938,244.5928864350576,238.95966764159195,244.3107452392578,24808200,0.0,0.0
2023-03-03 00:00:00-05:00,245.36148024067188,248.69859936512998,244.58313878749726,248.37753295898438,30760100,0.0,0.0
2023-03-06 00:00:00-05:00,249.48667584365674,253.07676463691814,249.04886339595808,249.91476440429688,24109800,0.0,0.0
2023-03-07 00:00:00-05:00,249.36016545686795,250.71254274610072,246.5289706683779,247.2683868408203,21473200,0.0,0.0
2023-03-08 00:00:00-05:00,247.1614177859818,247.64787941469785,244.01887982125263,246.83062744140625,17340200,0.0,0.0
2023-03-09 00:00:00-05:00,248.8932070956166,252.53193017156482,244.76800759955387,245.48797607421875,26653400,0.0,0.0
2023-03-10 00:00:00-05:00,244.2815470078051,245.9452372856859,240.89577859254197,241.8589630126953,28333900,0.0,0.0
2023-03-13 00:00:00-04:00,240.7011840514009,250.92661597294014,239.0764041542882,247.04464721679688,33339700,0.0,0.0
2023-03-14 00:00:00-04:00,249.79800481641536,254.0010397156642,248.93210385508328,253.72862243652344,33620300,0.0,0.0
2023-03-15 00:00:00-04:00,252.9405940179142,259.26459506275955,252.19142412250247,258.25274658203125,46028000,0.0,0.0
2023-03-16 00:00:00-04:00,258.0289000532813,269.0715820217102,256.1511657925528,268.7213439941406,54768800,0.0,0.0
2023-03-17 00:00:00-04:00,270.72558821466924,275.6582857099673,268.83811504692954,271.8638916015625,69527400,0.0,0.0
2023-03-20 00:00:00-04:00,269.48030285180215,269.96676449553627,262.5433550615518,264.8589172363281,43466600,0.0,0.0
2023-03-21 00:00:00-04:00,267.4370730210024,267.5538190277959,262.22219041795455,266.3668518066406,34558700,0.0,0.0
2023-03-22 00:00:00-04:00,265.9971667055635,273.43031336043435,264.81019934883693,264.917236328125,34873300,0.0,0.0
2023-03-23 00:00:00-04:00,270.4142324494357,273.4497475874127,267.7484328177196,270.1418151855469,36610900,0.0,0.0
2023-03-24 00:00:00-04:00,269.7332022897182,273.03142599171395,267.8262812456373,272.9730529785156,28172000,0.0,0.0
2023-03-27 00:00:00-04:00,272.9048917232196,273.83888945620816,268.05972466794566,268.8964538574219,26840200,0.0,0.0
2023-03-28 00:00:00-04:00,268.3225446731354,268.66307379107525,264.6837910772779,267.7777099609375,21878600,0.0,0.0
2023-03-29 00:00:00-04:00,271.4066242065595,273.527619165426,270.8715283691032,272.9146728515625,25087000,0.0,0.0
2023-03-30 00:00:00-04:00,276.5340049635184,276.75775832392577,273.8584658428931,276.3588562011719,25053400,0.0,0.0
2023-03-31 00:00:00-04:00,276.04750748202,281.4374805787577,275.33726286422353,280.4937438964844,32766000,0.0,0.0
2023-04-03 00:00:00-04:00,278.7619010121522,280.46451634607917,276.26151134425334,279.45269775390625,24883300,0.0,0.0
2023-04-04 00:00:00-04:00,279.4527472277195,282.5855611844231,277.93498937950386,279.4040832519531,25824300,0.0,0.0
2023-04-05 00:00:00-04:00,278.11008412867955,279.3748723279069,275.25942646851195,276.6409606933594,22064800,0.0,0.0
2023-04-06 00:00:00-04:00,275.54153732325625,284.1713602969535,274.3934952141327,283.7043762207031,29770300,0.0,0.0
2023-04-10 00:00:00-04:00,281.37908101323706,281.7585352734682,277.00092706983764,281.5542297363281,23103000,0.0,0.0
2023-04-11 00:00:00-04:00,278.0127931758795,278.2365761916983,274.0140932371224,275.1718444824219,27276600,0.0,0.0
2023-04-12 00:00:00-04:00,277.07878271017614,279.2386732168352,274.32539366289427,275.81396484375,27403400,0.0,0.0
2023-04-13 00:00:00-04:00,275.91126538247534,282.05040792429327,275.50265429718814,281.9920349121094,24222700,0.0,0.0
2023-04-14 00:00:00-04:00,279.22894208294247,280.66887902365164,276.00856885442937,278.3922424316406,20987900,0.0,0.0
2023-04-17 00:00:00-04:00,282.0795407288976,283.70433510204543,278.4116319357609,280.9801330566406,23836200,0.0,0.0
2023-04-18 00:00:00-04:00,283.6751943988744,283.86005216252715,279.23866745372095,280.56182861328125,20161800,0.0,0.0
2023-04-19 00:00:00-04:00,278.24623650358313,281.22337847869596,276.8355159823551,280.6396484375,17150300,0.0,0.0
2023-04-20 00:00:00-04:00,277.52633742538336,281.20398586251105,277.3609274204324,278.363037109375,23244400,0.0,0.0
2023-04-21 00:00:00-04:00,277.2928296281938,278.51869257683563,275.3956176560884,278.02252197265625,21676400,0.0,0.0
2023-04-24 00:00:00-04:00,274.45187596772155,277.234451496004,271.173129844423,274.1405334472656,26611000,0.0,0.0
2023-04-25 00:00:00-04:00,271.9417767926592,273.9751827450711,267.9138604386518,267.9625244140625,45772200,0.0,0.0
2023-04-26 00:00:00-04:00,288.66631890750085,291.45860367890464,284.80381270160626,287.372314453125,64599200,0.0,0.0
2023-04-27 00:00:00-04:00,287.95608640380885,296.9361784067996,287.2555804982626,296.576171875,46462600,0.0,0.0
2023-04-28 00:00:00-04:00,295.7783383038111,300.5651029592613,295.097280309873,298.9403381347656,36469600,0.0,0.0
2023-05-01 00:00:00-04:00,298.6582633895383,300.24413310215317,296.8875358766026,297.28643798828125,21294100,0.0,0.0
2023-05-02 00:00:00-04:00,299.42687857918656,300.8084130116415,295.6811180076152,297.1405029296875,26404400,0.0,0.0
2023-05-03 00:00:00-04:00,298.31766627691815,300.25377368049993,295.85617210321027,296.15777587890625,22360800,0.0,0.0
2023-05-04 00:00:00-04:00,297.9480161890788,299.42687857918656,295.1849176329067,297.1405029296875,22519900,0.0,0.0
2023-05-05 00:00:00-04:00,297.44211220444237,303.52288282414327,296.03136154416666,302.2386169433594,28197100,0.0,0.0
2023-05-08 00:00:00-04:00,301.73263089775384,301.80074263730194,297.80201345372643,300.2926940917969,21318600,0.0,0.0
2023-05-09 00:00:00-04:00,299.66033160181695,301.6451031506541,298.0160890953245,298.6874084472656,21340800,0.0,0.0
2023-05-10 00:00:00-04:00,300.2635487654328,304.52495706862396,299.33928955394174,303.8536376953125,30078000,0.0,0.0
2023-05-11 00:00:00-04:00,301.7034562423544,302.6958271056149,297.9674351385275,301.7131652832031,31680200,0.0,0.0
2023-05-12 00:00:00-04:00,302.14130111816417,302.23859938067807,298.2982721245842,300.6040954589844,19774700,0.0,0.0
2023-05-15 00:00:00-04:00,300.7305114762556,301.5088380158988,299.2613882145806,301.08074951171875,16336500,0.0,0.0
2023-05-16 00:00:00-04:00,301.44072470865035,305.2156707578937,301.44072470865035,303.29901123046875,26730300,0.0,0.0
2023-05-17 00:00:00-04:00,304.49841357542465,306.5850053814175,302.9870680194989,306.1657409667969,24315000,0.68,0.0
2023-05-18 00:00:00-04:00,306.68249676156313,311.07998209113083,305.89270858681226,310.57293701171875,27276000,0.0,0.0
2023-05-19 00:00:00-04:00,308.83734438329236,310.7972045125446,308.47658062453104,310.3974304199219,27546700,0.0,0.0
2023-05-22 00:00:00-04:00,310.65094892902596,314.5413890695808,310.0756729757329,313.16656494140625,24115700,0.0,0.0
2023-05-23 00:00:00-04:00,312.04526511786804,314.66815212283035,307.3845270869392,307.394287109375,30797200,0.0,0.0
2023-05-24 00:00:00-04:00,306.8774578305602,308.60328539686515,304.8103271006574,306.0194091796875,23384900,0.0,0.0
2023-05-25 00:00:00-04:00,315.1751430242443,318.7438294879401,312.0159906409768,317.7882995605469,43301700,0.0,0.0
2023-05-26 00:00:00-04:00,315.935693050292,325.0816668912498,315.7992015223041,324.58441162109375,36630600,0.0,0.0
2023-05-30 00:00:00-04:00,326.866039835357,327.3632951279749,322.2735326633113,322.9463195800781,29503100,0.0,0.0
2023-05-31 00:00:00-04:00,323.99940574363865,327.5583326539221,319.16313582793106,320.19671630859375,45950600,0.0,0.0
2023-06-01 00:00:00-04:00,317.7980580790412,325.2084444667975,316.6182558412687,324.2821350097656,26773900,0.0,0.0
2023-06-02 00:00:00-04:00,325.9104672337744,329.0793797798021,324.25287030723234,327.0317687988281,25873800,0.0,0.0
2023-06-05 00:00:00-04:00,326.8562514071327,330.1129147289543,326.31022580563945,327.55828857421875,21307100,0.0,0.0
2023-06-06 00:00:00-04:00,326.9635018339944,327.00251216553283,323.8823700342451,325.35467529296875,20396200,0.0,0.0
2023-06-07 00:00:00-04:00,323.37532887108034,326.1444673202271,314.45362725824225,315.3116760253906,40717100,0.0,0.0
2023-06-08 00:00:00-04:00,315.8576718437754,318.49031851672504,315.2823959646681,317.1447448730469,23277700,0.0,0.0
2023-06-09 00:00:00-04:00,316.8815191818162,321.7567696311191,316.3160032224107,318.6366271972656,22529000,0.0,0.0
2023-06-12 00:00:00-04:00,320.3819407440362,323.8141360540533,317.0472861489783,323.57037353515625,24260300,0.0,0.0
2023-06-13 00:00:00-04:00,326.12499527780267,328.5723804542734,322.1468041193806,325.9494934082031,22951300,0.0,0.0
2023-06-14 00:00:00-04:00,325.9981598073163,330.58090595598725,324.50633474294636,328.9233093261719,26003800,0.0,0.0
2023-06-15 00:00:00-04:00,329.0599201554074,341.11152517053205,328.78690731624766,339.4149475097656,38899100,0.0,0.0
2023-06-16 00:00:00-04:00,342.5545684921727,342.70082003895476,333.41835487715986,333.7888488769531,46552000,0.0,0.0
2023-06-20 00:00:00-04:00,330.84423422142726,333.54511218147553,327.48029960440283,329.61566162109375,26375400,0.0,0.0
2023-06-21 00:00:00-04:00,327.9775589781728,329.30364243212927,323.78485594149885,325.2376708984375,25117800,0.0,0.0
2023-06-22 00:00:00-04:00,325.78366654570755,331.63396592269834,325.0231288169452,331.23419189453125,23556800,0.0,0.0
2023-06-23 00:00:00-04:00,326.01765736840554,329.52784282060935,325.1303881799699,326.66119384765625,23146900,0.0,0.0
2023-06-26 00:00:00-04:00,325.39367934124914,327.7240333118318,320.29415725203825,320.40142822265625,21520600,0.0,0.0
2023-06-27 00:00:00-04:00,323.58000578054765,327.7629776694117,321.08388072367944,326.222412109375,24354100,0.0,0.0
2023-06-28 00:00:00-04:00,326.31032987756504,329.54750394469846,325.48153118934124,327.47064208984375,20259500,0.0,0.0
2023-06-29 00:00:00-04:00,326.35897729326905,327.72404134255896,324.3211263632283,326.69049072265625,16997000,0.0,0.0
2023-06-30 00:00:00-04:00,329.32315064368396,334.17891054970244,328.78688502474677,332.0435485839844,26832800,0.0,0.0
2023-07-03 00:00:00-04:00,330.727231395335,332.394558661991,328.1726050055835,329.5571594238281,12508700,0.0,0.0
2023-07-05 00:00:00-04:00,326.7295145394102,333.12584042536054,326.3785108077479,329.7131652832031,18172400,0.0,0.0
2023-07-06 00:00:00-04:00,328.88436028376566,334.43239728548525,327.1292821478824,332.75531005859375,28161200,0.0,0.0
2023-07-07 00:00:00-04:00,330.8539769415479,333.26235165945616,328.5918537740865,328.8063659667969,21214800,0.0,0.0
2023-07-10 00:00:00-04:00,326.25178071727987,326.8660670625544,319.4166697574399,323.5508728027344,32791400,0.0,0.0
2023-07-11 00:00:00-04:00,322.800041689948,324.55511973893175,318.84134117994995,324.17486572265625,26698200,0.0,0.0
2023-07-12 00:00:00-04:00,328.20182929500714,333.1258197926784,327.29503995487715,328.786865234375,29995300,0.0,0.0
2023-07-13 00:00:00-04:00,331.0879653631058,335.16366709536976,330.5614300476907,334.1106262207031,20567200,0.0,0.0
2023-07-14 00:00:00-04:00,338.91765538868515,342.661844143398,335.7194923009407,336.62628173828125,28352700,0.0,0.0
2023-07-17 00:00:00-04:00,337.05526407197954,338.33257714303016,333.6621092446477,337.1040344238281,20363900,0.0,0.0
2023-07-18 00:00:00-04:00,337.20147590350757,357.6287821253503,333.63281964458815,350.5206604003906,64738600,0.0,0.0
2023-07-19 00:00:00-04:00,352.72433009882633,353.4166072525743,343.64661716979606,346.2207336425781,39732900,0.0,0.0
2023-07-20 00:00:00-04:00,344.74839172455427,349.03860522679815,336.75297084061185,338.2155456542969,33778400,0.0,0.0
2023-07-21 00:00:00-04:00,340.4387369530099,341.56003861838775,331.35126286647005,335.1929626464844,69405400,0.0,0.0
2023-07-24 00:00:00-04:00,337.2210078308696,338.26431834667585,333.7693229149204,336.49945068359375,26678100,0.0,0.0
2023-07-25 00:00:00-04:00,338.4496147386664,343.11038262849917,336.4605340248674,342.22308349609375,41637700,0.0,0.0
2023-07-26 00:00:00-04:00,332.92106736693563,336.07048951280683,324.7988843745913,329.3426208496094,58383700,0.0,0.0
2023-07-27 00:00:00-04:00,331.9850338749244,332.8138025679025,320.8401897883476,322.4685363769531,39635300,0.0,0.0
2023-07-28 00:00:00-04:00,325.3449259664994,331.52673900384514,324.85740099740747,329.9276428222656,28484900,0.0,0.0
2023-07-31 00:00:00-04:00,328.51383777853505,329.2743755389443,325.04263262807757,327.5387878417969,25446000,0.0,0.0
2023-08-01 00:00:00-04:00,326.82706253525544,330.0934864927497,325.374247332057,327.9483642578125,18311900,0.0,0.0
2023-08-02 00:00:00-04:00,325.30601162022083,325.30601162022083,318.2173774341477,319.3289489746094,27761300,0.0,0.0
2023-08-03 00:00:00-04:00,317.86629010944046,321.64948875271074,317.8175495134228,318.50982666015625,18253700,0.0,0.0
2023-08-04 00:00:00-04:00,323.5995474758658,326.778219494072,319.0753019099241,319.6018371582031,23741500,0.0,0.0
2023-08-07 00:00:00-04:00,320.17717126140934,322.8487988022052,319.3483727907042,321.8737487792969,17741500,0.0,0.0
2023-08-08 00:00:00-04:00,318.802368731708,320.5477167225477,314.9411787114309,317.9150695800781,22327600,0.0,0.0
2023-08-09 00:00:00-04:00,318.324602002666,318.9486185830014,313.0398174565163,314.1903991699219,22373300,0.0,0.0
2023-08-10 00:00:00-04:00,317.8857952635295,320.0699275319088,313.16655676040074,314.8728942871094,20113700,0.0,0.0
2023-08-11 00:00:00-04:00,312.2695059957332,314.36585743355505,311.2456856962181,313.00079345703125,24355500,0.0,0.0
2023-08-14 00:00:00-04:00,313.37132372944086,315.974690482468,312.09398089474894,315.9552001953125,18836100,0.0,0.0
2023-08-15 00:00:00-04:00,314.9411305404492,316.97898134379494,312.8935197157339,313.8295593261719,16966300,0.0,0.0
2023-08-16 00:00:00-04:00,313.45822252754004,316.99540096942354,312.4811083303605,313.0673828125,20698900,0.68,0.0
2023-08-17 00:00:00-04:00,313.2042944549321,314.50384363723833,308.97337191344144,309.6280517578125,21257200,0.0,0.0
2023-08-18 00:00:00-04:00,307.29267431715726,311.0936633520083,304.4199558180871,309.2371520996094,24755000,0.0,0.0
2023-08-21 00:00:00-04:00,310.65399674996837,315.383227213463,309.7843803763491,314.51361083984375,24040000,0.0,0.0
2023-08-22 00:00:00-04:00,318.0507893960546,318.61750272062665,314.1032382228466,315.0803527832031,16084600,0.0,0.0
2023-08-23 00:00:00-04:00,316.40926216932337,321.6661435754611,316.05748540152786,319.5164794921875,21166400,0.0,0.0
2023-08-24 00:00:00-04:00,325.23254709942444,325.35957674760573,312.6375276630827,312.6473083496094,23281400,0.0,0.0
2023-08-25 00:00:00-04:00,314.11298756039173,317.9139473148537,311.5040788241883,315.58843994140625,21684100,0.0,0.0
2023-08-28 00:00:00-04:00,318.207066953983,318.68584344960186,314.3572339791844,316.29193115234375,14808500,0.0,0.0
2023-08-29 00:00:00-04:00,314.51363868595456,321.45115801127633,314.51363868595456,320.8941955566406,19284600,0.0,0.0
2023-08-30 00:00:00-04:00,321.14822344769897,322.262118428765,318.97902814860515,321.2654724121094,15222100,0.0,0.0
2023-08-31 00:00:00-04:00,321.66608035944125,323.3369376753796,319.30145033255354,320.259033203125,26411000,0.0,0.0
2023-09-01 00:00:00-04:00,323.7277749745022,324.3922056211829,319.3014478601216,321.138427734375,14942000,0.0,0.0
2023-09-05 00:00:00-04:00,321.47061510740485,327.1867399112931,321.13839981294905,325.9164733886719,18553900,0.0,0.0
2023-09-06 00:00:00-04:00,325.75036744875047,326.80563776371406,322.62358978658284,325.2618103027344,17535800,0.0,0.0
2023-09-07 00:00:00-04:00,323.7082248346301,325.45723807010125,321.49993683780025,322.35980224609375,18381000,0.0,0.0
2023-09-08 00:00:00-04:00,322.53566438985524,328.4667555070914,321.92007759322064,326.6199951171875,19530100,0.0,0.0
2023-09-11 00:00:00-04:00,329.52203220068384,330.6750497904705,327.75345762157895,330.2060241699219,16583300,0.0,0.0
2023-09-12 00:00:00-04:00,328.13454656577954,329.08234867340195,323.89387388585794,324.1772155761719,17565500,0.0,0.0
2023-09-13 00:00:00-04:00,323.7277859536388,329.141008354495,323.59100543664357,328.36907958984375,16544400,0.0,0.0
2023-09-14 00:00:00-04:00,331.38835303568044,333.0592103619418,328.8674109262189,330.94866943359375,20267000,0.0,0.0
2023-09-15 00:00:00-04:00,329.2093670251741,329.6783628105359,322.10572689470496,322.6626892089844,37679800,0.0,0.0
2023-09-18 00:00:00-04:00,320.29806225418173,322.83856545069517,318.8910152474716,321.52923583984375,16834200,0.0,0.0
2023-09-19 00:00:00-04:00,318.7054070395551,321.8517165023023,317.0833936077872,321.1286315917969,16505900,0.0,0.0
2023-09-20 00:00:00-04:00,321.9689546587249,322.0471106852366,313.1749256275898,313.428955078125,21436500,0.0,0.0
2023-09-21 00:00:00-04:00,311.9535360525413,317.9041588491349,307.79101939102566,312.21734619140625,35560400,0.0,0.0
2023-09-22 00:00:00-04:00,313.9663340767573,314.0933636906572,308.9146406682123,309.7549743652344,21447900,0.0,0.0
2023-09-25 00:00:00-04:00,309.34461765593346,310.3999178157117,307.7910094721355,310.27288818359375,17836000,0.0,0.0
2023-09-26 00:00:00-04:00,307.918083681108,308.650919524038,302.92501329864484,304.99652099609375,26297600,0.0,0.0
2023-09-27 00:00:00-04:00,305.1528159801847,307.1070447852302,302.6025617027996,305.6316223144531,19410100,0.0,0.0
2023-09-28 00:00:00-04:00,303.872872106608,308.26013711370996,302.36813703202455,306.4622497558594,19683600,0.0,0.0
2023-09-29 00:00:00-04:00,310.4780627905331,312.15870054663463,307.771466967037,308.5238342285156,24147300,0.0,0.0
2023-10-02 00:00:00-04:00,309.04173366618016,314.523360821819,307.96690188868587,314.4353942871094,20570000,0.0,0.0
2023-10-03 00:00:00-04:00,313.48759919542874,314.03481069195016,304.0877634575696,306.2178955078125,21033500,0.0,0.0
2023-10-04 00:00:00-04:00,306.84323355961436,312.71570064039577,306.8139213204077,311.660400390625,20720100,0.0,0.0
2023-10-05 00:00:00-04:00,311.78742886180316,312.65707498694155,307.6933171593875,312.0512390136719,16965600,0.0,0.0
2023-10-06 00:00:00-04:00,309.30553078090355,321.65627028707706,309.0612521971817,319.77044677734375,25673600,0.0,0.0
2023-10-09 00:00:00-04:00,317.31787385142707,322.7408463729551,315.78379722001137,322.2718505859375,19891200,0.0,0.0
2023-10-10 00:00:00-04:00,323.38579530400693,323.5226056424412,320.17111018080624,320.8746337890625,20557100,0.0,0.0
2023-10-11 00:00:00-04:00,323.6300784570828,325.203248275294,321.60747414676473,324.8124084472656,20063200,0.0,0.0
2023-10-12 00:00:00-04:00,323.00471335948436,325.99468102864705,321.1970457612764,323.5812072753906,19313100,0.0,0.0
2023-10-13 00:00:00-04:00,324.7733126546174,326.19011074612195,318.8910644547027,320.229736328125,21072400,0.0,0.0
2023-10-16 00:00:00-04:00,323.47370563502346,328.4472441018182,323.03402205271703,325.02734375,22158000,0.0,0.0
2023-10-17 00:00:00-04:00,322.0470977811233,325.82852534192716,319.91699576886526,324.4605712890625,18338500,0.0,0.0
2023-10-18 00:00:00-04:00,324.8808354539655,327.9098967863461,320.78672274771935,322.5552978515625,23153600,0.0,0.0
2023-10-19 00:00:00-04:00,324.5485406563444,329.1703024841639,323.33692834747904,323.737548828125,25052100,0.0,0.0
2023-10-20 00:00:00-04:00,324.12844742892764,324.3238822712444,318.0019497895955,319.19403076171875,25027700,0.0,0.0
2023-10-23 00:00:00-04:00,318.0214287466955,325.1152889172781,316.96615830256553,321.7833251953125,24374700,0.0,0.0
2023-10-24 00:00:00-04:00,323.71803518553446,324.2456853865201,320.10272927891094,322.9656677246094,31153600,0.0,0.0
2023-10-25 00:00:00-04:00,337.1239893295993,338.2770069491987,329.8933489527061,332.8735656738281,55053800,0.0,0.0
2023-10-26 00:00:00-04:00,332.74647487766316,333.81152576731455,319.45771591922033,320.385986328125,37828500,0.0,0.0
2023-10-27 00:00:00-04:00,322.8679216685348,329.0139799295623,320.8843805209721,322.2621154785156,29856500,0.0,0.0
2023-10-30 00:00:00-04:00,325.77971392594014,331.6814932194884,324.23585648353105,329.5904541015625,22828100,0.0,0.0
2023-10-31 00:00:00-04:00,331.0952162716641,331.241777466002,327.0304168400943,330.37213134765625,20265300,0.0,0.0
2023-11-01 00:00:00-04:00,332.01371654234873,339.46910432501784,331.8769062105877,338.1499938964844,28158800,0.0,0.0
2023-11-02 00:00:00-04:00,339.29321044253436,340.84681883225545,336.879736569886,340.3485107421875,24348100,0.0,0.0
2023-11-03 00:00:00-04:00,341.62854640879175,346.2796209573482,339.3811651738514,344.7259826660156,23637700,0.0,0.0
2023-11-06 00:00:00-05:00,345.36113640793855,349.35753118619317,345.2634189928444,348.3706359863281,23828300,0.0,0.0
2023-11-07 00:00:00-05:00,351.17493911544506,354.16490704694723,349.44545721598166,352.2790832519531,25833900,0.0,0.0
2023-11-08 00:00:00-05:00,353.40270657525184,355.54258936078696,352.2985626023582,354.887939453125,26767800,0.0,0.0
2023-11-09 00:00:00-05:00,354.0085034994957,356.44153841470893,352.1128993476677,352.43536376953125,24847300,0.0,0.0
2023-11-10 00:00:00-05:00,353.2171111454846,361.63008249841977,352.8067397541227,361.2099304199219,28042100,0.0,0.0
2023-11-13 00:00:00-05:00,359.7930947254669,360.03737334526807,357.5261819771122,358.288330078125,19986500,0.0,0.0
2023-11-14 00:00:00-05:00,362.5192580985715,363.43774810881337,358.94301547087497,361.7961730957031,27683900,0.0,0.0
2023-11-15 00:00:00-05:00,363.51938712911283,365.3307238214912,359.4365366374243,361.94305419921875,26860100,0.75,0.0
2023-11-16 00:00:00-05:00,363.2060092906745,368.48335928952025,362.44231441681825,368.30712890625,27182300,0.0,0.0
2023-11-17 00:00:00-05:00,365.8006186204478,366.5447423144695,359.3287982048387,362.1192321777344,40157000,0.0,0.0
2023-11-20 00:00:00-05:00,363.4606399313925,370.95073116555085,363.24523724780994,369.5506286621094,52465100,0.0,0.0
2023-11-21 00:00:00-05:00,367.8176325584251,368.3561243217149,363.3627202596963,365.27197265625,28423100,0.0,0.0
2023-11-22 00:00:00-05:00,370.0988850281661,371.85147806167527,367.1322205576516,369.9520263671875,23345300,0.0,0.0
2023-11-24 00:00:00-05:00,369.44288626548433,370.0695230751344,367.2986899991627,369.5408020019531,10176600,0.0,0.0
2023-11-27 00:00:00-05:00,368.9044009726802,372.683733332582,368.336537498751,370.6961364746094,22179200,0.0,0.0
2023-11-28 00:00:00-05:00,370.4416631704875,374.994462020648,370.25563219581977,374.70074462890625,20453100,0.0,0.0
2023-11-29 00:00:00-05:00,375.7385254123956,376.26721663239306,369.55062106548934,370.93115234375,28963400,0.0,0.0
2023-11-30 00:00:00-05:00,370.5786340328009,372.1451961390215,367.6217700935787,370.9898681640625,30554400,0.0,0.0
2023-12-01 00:00:00-05:00,368.88479316220673,370.2555237215733,363.5486996979007,366.68182373046875,33040500,0.0,0.0
2023-12-04 00:00:00-05:00,361.3849305128498,361.79613477265366,355.3145134346435,361.4241027832031,32063300,0.0,0.0
2023-12-05 00:00:00-05:00,358.7903292029664,365.28172122334854,357.9776614584204,364.7334289550781,23065000,0.0,0.0
2023-12-06 00:00:00-05:00,365.73212951183393,366.35873644463544,360.3372921206186,361.0911865234375,21182100,0.0,0.0
2023-12-07 00:00:00-05:00,360.5331119373255,363.68580733396766,358.6630319776083,363.1962585449219,23118900,0.0,0.0
2023-12-08 00:00:00-05:00,361.4828549867559,366.6328881744278,360.53312909562084,366.40771484375,20154400,0.0,0.0
2023-12-11 00:00:00-05:00,360.7778775179064,363.8326571061726,358.44762055822775,363.5389099121094,27708800,0.0,0.0
2023-12-12 00:00:00-05:00,363.0983520859286,366.59373770012405,362.7164896784692,366.5545654296875,24838300,0.0,0.0
2023-12-13 00:00:00-05:00,368.16027437565873,369.7464376106383,363.0200118977458,366.5447692871094,30955500,0.0,0.0
2023-12-14 00:00:00-05:00,365.50696539591144,365.9475713192963,356.51885554826436,358.2812194824219,43277500,0.0,0.0
2023-12-15 00:00:00-05:00,359.1819619943408,364.6159417445296,358.6238691889497,362.9808654785156,78502300,0.0,0.0
2023-12-18 00:00:00-05:00,361.72762335454945,365.2034079122954,360.97369907312446,364.8607177734375,21802900,0.0,0.0
2023-12-19 00:00:00-05:00,363.7250161772289,365.4580383300781,362.1095108541582,365.4580383300781,20603700,0.0,0.0
2023-12-20 00:00:00-05:00,367.161590586535,368.1700598934919,362.785023231556,362.8731384277344,26316700,0.0,0.0
2023-12-21 00:00:00-05:00,364.7726511936181,366.58398798641923,362.3053356484184,365.732177734375,17708000,0.0,0.0
2023-12-22 00:00:00-05:00,365.8691843460341,367.33783074743565,364.9194584779402,366.7503662109375,17107500,0.0,0.0
2023-12-26 00:00:00-05:00,367.1615944273694,369.0610461329153,365.69294804965995,366.8287048339844,12673100,0.0,0.0
2023-12-27 00:00:00-05:00,365.8790367110042,367.2203958335403,365.0174259193831,366.2510986328125,14905400,0.0,0.0
2023-12-28 00:00:00-05:00,367.5238451750327,368.59105792655595,366.3391454974242,367.43572998046875,14327000,0.0,0.0
2023-12-29 00:00:00-05:00,368.140698335078,369.2764551389083,365.67338313483896,368.17987060546875,18730800,0.0,0.0
2024-01-02 00:00:00-05:00,366.04535063933514,368.0427177617646,359.10355344995605,363.11785888671875,25258600,0.0,0.0
2024-01-03 00:00:00-05:00,361.2967846745382,365.45794912599047,360.8072359155438,362.8535461425781,23083500,0.0,0.0
2024-01-04 00:00:00-05:00,362.92209250603474,365.3012923191343,359.49525117073273,360.2491455078125,20901500,0.0,0.0
2024-01-05 00:00:00-05:00,361.25767175006894,364.28307999206555,358.8392992881915,360.06317138671875,21004600,0.0,0.0
2024-01-08 00:00:00-05:00,361.58077277397365,367.3574731734819,361.296855951119,366.8581237792969,23134000,0.0,0.0
2024-01-09 00:00:00-05:00,364.23416186369485,368.1309517677685,363.4312945412616,367.9351501464844,20830000,0.0,0.0
2024-01-10 00:00:00-05:00,368.50291657762523,376.139894907687,368.4539736551255,374.7691345214844,25514200,0.0,0.0
2024-01-11 00:00:00-05:00,377.93166039806545,382.5138298348758,372.42913685903,376.5903015136719,27850800,0.0,0.0
2024-01-12 00:00:00-05:00,377.4323150873344,380.55563874578314,376.6098767088899,380.35003662109375,21661200,0.0,0.0
2024-01-16 00:00:00-05:00,385.43155133047776,385.79381264906647,379.5177936668549,382.1123962402344,27202300,0.0,0.0
2024-01-17 00:00:00-05:00,379.87028626114164,381.9557389879291,376.7665338147622,381.3291320800781,22234100,0.0,0.0
2024-01-18 00:00:00-05:00,383.53215294829613,385.75469397471676,381.9655906494616,385.63720703125,23392100,0.0,0.0
2024-01-19 00:00:00-05:00,387.4877057228784,390.3368835449219,385.27493541414515,390.3368835449219,29331100,0.0,0.0
2024-01-22 00:00:00-05:00,391.6585969965062,392.24606151114637,385.3630068278654,388.22198486328125,27016900,0.0,0.0
2024-01-23 00:00:00-05:00,387.47783009611624,391.0319587511522,385.6958655004186,390.5619812011719,20525900,0.0,0.0
2024-01-24 00:00:00-05:00,393.14686950723774,397.1513752160577,392.079656679383,394.1455383300781,24867000,0.0,0.0
2024-01-25 00:00:00-05:00,395.8687653294727,398.5025403738,394.1161721859946,396.4072570800781,21021200,0.0,0.0
2024-01-26 00:00:00-05:00,395.9177133168471,397.680107020746,394.0182614789132,395.4869079589844,17803300,0.0,0.0
2024-01-29 00:00:00-05:00,397.57235261817027,401.4104281984527,395.8785030835569,401.1558532714844,24510200,0.0,0.0
2024-01-30 00:00:00-05:00,403.64277019124665,404.41623575131524,397.9542157503529,400.0494689941406,33477600,0.0,0.0
2024-01-31 00:00:00-05:00,398.45353212037105,406.6388032074163,388.90733097100707,389.26959228515625,47871100,0.0,0.0
2024-02-01 00:00:00-05:00,393.4308049580275,399.4718507500115,393.40143322301293,395.3400573730469,30657700,0.0,0.0
2024-02-02 00:00:00-05:00,395.36939499914837,404.0246140998081,395.12462060191353,402.62451171875,28256700,0.0,0.0
2024-02-05 00:00:00-05:00,401.3320936868834,402.5657662041655,395.5456233801517,397.1709289550781,25352300,0.0,0.0
2024-02-06 00:00:00-05:00,397.39614463854895,399.4424550677267,394.4882235276778,397.0142822265625,18382600,0.0,0.0
2024-02-07 00:00:00-05:00,398.9235643671154,405.640160164174,398.88439209328425,405.3953857421875,22340500,0.0,0.0
2024-02-08 00:00:00-05:00,405.39538860876115,406.87383568951475,403.9071708692484,405.4541320800781,21225300,0.0,0.0
2024-02-09 00:00:00-05:00,406.5702855474464,412.0238664464446,406.41362634312986,411.7594909667969,22032800,0.0,0.0
2024-02-12 00:00:00-05:00,411.769283442755,411.94551383927785,406.0807287884979,406.580078125,21202900,0.0,0.0
2024-02-13 00:00:00-05:00,396.4757753769111,401.49855072964925,394.9581860838381,397.8269348144531,27824900,0.0,0.0
2024-02-14 00:00:00-05:00,400.2792461565028,402.01544302317166,396.8460672009255,401.672119140625,20401200,0.75,0.0
2024-02-15 00:00:00-05:00,400.3479476570602,401.31903734272595,396.57144452899195,398.798095703125,21825500,0.0,0.0
2024-02-16 00:00:00-05:00,400.17133095818804,400.49504745207923,395.73763633762957,396.3457946777344,22296500,0.0,0.0
2024-02-20 00:00:00-05:00,395.5414273661721,396.76756266074034,390.4112964520626,395.10003662109375,24307900,0.0,0.0
2024-02-21 00:00:00-05:00,392.53004284668083,394.60956341609165,389.6363517174895,394.50164794921875,18518900,0.0,0.0
2024-02-22 00:00:00-05:00,402.3587150074255,404.9482969480148,400.76964859968683,403.79083251953125,27009900,0.0,0.0
2024-02-23 00:00:00-05:00,407.73411674298126,407.92046175721333,401.162019956702,402.505859375,16295900,0.0,0.0
2024-02-26 00:00:00-05:00,403.60445096908654,404.29109863437077,399.58272164729414,399.7593078613281,16193500,0.0,0.0
2024-02-27 00:00:00-05:00,400.20071277924296,400.52442923735737,396.13976854109416,399.7004699707031,14835800,0.0,0.0
2024-02-28 00:00:00-05:00,400.38709194736896,401.48570431449235,397.5817089338175,399.9358825683594,13183100,0.0,0.0
2024-02-29 00:00:00-05:00,400.8383181687279,406.2921650523384,398.1702468207432,405.74285888671875,31947300,0.0,0.0
2024-03-01 00:00:00-05:00,403.41813008815376,407.93031407980567,403.0355914321904,407.5673828125,17823400,0.0,0.0
2024-03-04 00:00:00-05:00,405.54668869062186,409.38204334564557,404.4480762959748,406.9984436035156,17596000,0.0,0.0
2024-03-05 00:00:00-05:00,406.05680899364245,406.34128079469247,392.99113262486526,394.9627380371094,26919200,0.0,0.0
2024-03-06 00:00:00-05:00,395.27659515513125,397.4247865981622,390.784048581795,394.41339111328125,22344100,0.0,0.0
2024-03-07 00:00:00-05:00,398.3664041641416,401.95653150490796,394.5604758378121,401.3287658691406,18718500,0.0,0.0
2024-03-08 00:00:00-05:00,400.171309298901,402.58436507476455,396.61060766849016,398.46453857421875,18002200,0.0,0.0
2024-03-11 00:00:00-04:00,396.0515271512708,397.93485423983793,393.5992565104688,396.7969970703125,16120800,0.0,0.0
2024-03-12 00:00:00-04:00,399.8378019777306,407.63603426425436,399.02366133031137,407.3515625,22457000,0.0,0.0
2024-03-13 00:00:00-04:00,410.11771230614136,410.1961717884516,403.5946789555971,407.17498779296875,17115900,0.0,0.0
2024-03-14 00:00:00-04:00,412.21687278632703,419.652174073812,410.0098292271171,417.101806640625,34157300,0.0,0.0
2024-03-15 00:00:00-04:00,411.28501994441507,414.53182378938754,404.9091164524236,408.4698181152344,45079900,0.0,0.0
2024-03-18 00:00:00-04:00,406.34117457206867,412.697469745091,405.88014657431177,409.3525695800781,20106000,0.0,0.0
2024-03-19 00:00:00-04:00,409.8528340561438,413.61954764814055,407.61636469929994,413.364501953125,19837900,0.0,0.0
2024-03-20 00:00:00-04:00,413.94328882066856,417.82767717758037,412.6288753346162,417.11163330078125,17860100,0.0,0.0
2024-03-21 00:00:00-04:00,421.6237557740876,422.5948752417206,419.004747660182,421.17254638671875,21296200,0.0,0.0
2024-03-22 00:00:00-04:00,421.4962894258474,421.65320840400005,417.93558766825475,420.5545959472656,17648500,0.0,0.0
2024-03-25 00:00:00-04:00,417.12140106535213,419.2499850699005,413.5606994442316,414.7868347167969,18060500,0.0,0.0
2024-03-26 00:00:00-04:00,417.48433323864253,417.8570831519167,413.30568457627095,413.5999450683594,16725600,0.0,0.0
2024-03-27 00:00:00-04:00,416.3366372044591,416.34645586465973,411.0103133950258,413.38409423828125,16705000,0.0,0.0
2024-03-28 00:00:00-04:00,412.9231220201488,413.81575210575176,411.11825446083225,412.6877136230469,21871200,0.0,0.0
2024-04-01 00:00:00-04:00,415.85607505767865,419.7208560550212,414.15909296576694,416.4642333984375,16316000,0.0,0.0
2024-04-02 00:00:00-04:00,412.08932675524255,414.31600751259526,409.8626759328322,413.3939514160156,17912000,0.0,0.0
2024-04-03 00:00:00-04:00,411.71659648353796,415.17920112214335,411.0888008867087,412.4228515625,16502300,0.0,0.0
2024-04-04 00:00:00-04:00,416.8761903565226,420.4859554910503,409.59786785676073,409.9019470214844,19370900,0.0,0.0
2024-04-05 00:00:00-04:00,411.9912129200493,418.3671154502644,410.33347586739825,417.39599609375,16554800,0.0,0.0
2024-04-08 00:00:00-04:00,417.052799785157,419.1225019527215,415.2184760981184,416.4838562011719,14272400,0.0,0.0
2024-04-09 00:00:00-04:00,418.29848942937065,419.5736580977935,413.57050478624086,418.14154052734375,12496900,0.0,0.0
2024-04-10 00:00:00-04:00,414.12962029851764,415.9344877287147,411.68716854848634,415.17919921875,16216600,0.0,0.0
2024-04-11 00:00:00-04:00,417.69033834286756,421.1725504908495,414.2963744060529,419.7600402832031,17966400,0.0,0.0
2024-04-12 00:00:00-04:00,415.95403905555384,417.06246992146356,411.75575387538646,413.8450927734375,19253800,0.0,0.0
2024-04-15 00:00:00-04:00,418.45542004596757,418.6712210349568,405.53684662340567,405.74285888671875,20273500,0.0,0.0
2024-04-16 00:00:00-04:00,406.65512826574127,410.4119935798852,405.8311689524943,406.6649169921875,16765600,0.0,0.0
2024-04-17 00:00:00-04:00,409.2839199801292,410.88280503231437,402.49602250375233,403.9772033691406,15855500,0.0,0.0
2024-04-18 00:00:00-04:00,402.7903806947221,404.0263347339794,396.23792042411,396.5517883300781,21029900,0.0,0.0
2024-04-19 00:00:00-04:00,396.31635459832717,397.738683518828,390.1758594431205,391.5000915527344,30565800,0.0,0.0
2024-04-22 00:00:00-04:00,392.44175811164087,395.1588931129713,388.1944385754191,393.3049621582031,20286900,0.0,0.0
2024-04-23 00:00:00-04:00,396.5223162949651,400.4067342721825,395.3648518176367,399.78875732421875,15734500,0.0,0.0
2024-04-24 00:00:00-04:00,401.7407592748994,404.5952057239604,399.01383568119996,401.25030517578125,15065300,0.0,0.0
2024-04-25 00:00:00-04:00,386.5072107491817,392.25534768176107,380.6217622511499,391.42156982421875,40586500,0.0,0.0
2024-04-26 00:00:00-04:00,404.30094095620495,405.1150815807432,398.01331587991365,398.5626220703125,29694700,0.0,0.0
2024-04-29 00:00:00-04:00,397.5130370183344,398.562615947593,391.56873588609426,394.5703125,19582100,0.0,0.0
2024-04-30 00:00:00-04:00,393.8247883748175,394.4820099813431,381.7400231834723,381.8969421386719,28781400,0.0,0.0
2024-05-01 00:00:00-04:00,385.11436938308555,394.05045900742965,382.85829240714,387.39990234375,23562500,0.0,0.0
2024-05-02 00:00:00-04:00,390.067981051651,392.2946320183516,387.1154376190438,390.2445373535156,17709400,0.0,0.0
2024-05-03 00:00:00-04:00,394.5997959874596,399.3768146946621,394.1878013235466,398.89617919921875,17446700,0.0,0.0
2024-05-06 00:00:00-04:00,400.95603550783153,406.0273140130064,398.6116505989638,405.644775390625,16996600,0.0,0.0
2024-05-07 00:00:00-04:00,406.74340224425765,406.75322090554647,401.27973632622934,401.52496337890625,20018200,0.0,0.0
2024-05-08 00:00:00-04:00,400.37733960441915,404.3598247646084,398.9451919846881,402.70208740234375,11792300,0.0,0.0
2024-05-09 00:00:00-04:00,402.73146980472023,404.84041635842834,401.2895336143813,404.44805908203125,14689700,0.0,0.0
2024-05-10 00:00:00-04:00,405.05627644521434,407.4496950958414,403.9380266126503,406.8218994140625,13402300,0.0,0.0
2024-05-13 00:00:00-04:00,410.029454744504,410.3629599472109,402.9767222457907,405.82135009765625,15440200,0.0,0.0
2024-05-14 00:00:00-04:00,404.15387565196045,409.519445896405,403.6928474980521,408.6072082519531,15109300,0.0,0.0
2024-05-15 00:00:00-04:00,410.66092785109674,416.46855556809163,410.0418362179186,415.7511901855469,22239500,0.75,0.0
2024-05-16 00:00:00-04:00,414.49338464088675,418.05070261448816,413.06852016596474,413.6974182128906,17530100,0.0,0.0
2024-05-17 00:00:00-04:00,415.2205635959117,415.5939858480529,410.7886784280323,412.930908203125,15352200,0.0,0.0
2024-05-20 00:00:00-04:00,412.9309356548489,419.3772981518083,412.71474538865465,417.9720764160156,16272100,0.0,0.0
2024-05-21 00:00:00-04:00,419.4362626425402,425.46991744124085,417.4905802068074,421.6080017089844,21453300,0.0,0.0
2024-05-22 00:00:00-04:00,422.6397422694005,424.91956115828395,419.7310254046841,423.0622863769531,18073700,0.0,0.0
2024-05-23 00:00:00-04:00,425.4698880093599,426.0889796466093,418.0506847119264,419.6033020019531,17211700,0.0,0.0
2024-05-24 00:00:00-04:00,419.7900037534496,423.59296088139126,417.05816150216543,422.70855712890625,11855300,0.0,0.0
2024-05-28 00:00:00-04:00,422.1877338257991,423.35712243524114,419.2102222377172,422.86578369140625,15718000,0.0,0.0
2024-05-29 00:00:00-04:00,418.3160195321069,423.4750768037088,418.3160195321069,421.7357482910156,15517100,0.0,0.0
2024-05-30 00:00:00-04:00,416.9500674611062,416.9500674611062,407.0643338259667,407.4869079589844,28394500,0.0,0.0
2024-05-31 00:00:00-04:00,409.5308671519035,409.5308671519035,397.50290358954135,407.9389343261719,47995300,0.0,0.0
2024-06-03 00:00:00-04:00,408.3319723384426,409.21637607324783,401.83648858598,406.3567810058594,17484700,0.0,0.0
2024-06-04 00:00:00-04:00,405.28561933460435,409.2261651733177,402.58325657495334,408.8625793457031,14348900,0.0,0.0
2024-06-05 00:00:00-04:00,410.57245747625547,416.7338342090642,409.08860495020656,416.6650695800781,16988000,0.0,0.0
2024-06-06 00:00:00-04:00,416.6651146111646,417.9425834215114,413.2945078470223,417.166259765625,14861300,0.0,0.0
2024-06-07 00:00:00-04:00,418.8171717087438,418.89577271534046,415.67259164399417,416.50787353515625,13621700,0.0,0.0
2024-06-10 00:00:00-04:00,417.34315052242914,420.66457531575907,416.5471841383872,420.4582214355469,13982900,0.0,0.0
2024-06-11 00:00:00-04:00,418.1096457911631,425.3224952545953,417.88361916349896,425.1849060058594,14551100,0.0,0.0
2024-06-12 00:00:00-04:00,427.7791794767063,435.71920053687387,425.7450298401941,433.41973876953125,22366200,0.0,0.0
2024-06-13 00:00:00-04:00,433.21332876835277,435.70933770928787,431.75895545061627,433.9306640625,15960600,0.0,0.0
2024-06-14 00:00:00-04:00,430.68790003484014,435.4637283515464,429.15492551069684,434.9035949707031,13582000,0.0,0.0
2024-06-17 00:00:00-04:00,434.9231837298592,443.12854595845386,433.0855818033449,440.6030578613281,20790000,0.0,0.0
2024-06-18 00:00:00-04:00,441.9198947788086,442.34246889984814,437.18341197055486,438.6082763671875,17112500,0.0,0.0
2024-06-20 00:00:00-04:00,438.5689526211533,438.79497924029823,433.6260860366594,437.9793701171875,19877400,0.0,0.0
2024-06-21 00:00:00-04:00,439.63025801243765,442.774807970896,438.77533339876635,441.9886779785156,34187100,0.0,0.0
2024-06-24 00:00:00-04:00,442.00833058442447,444.9072412251996,438.677069430459,439.9152526855469,15913700,0.0,0.0
2024-06-25 00:00:00-04:00,440.4851865060809,443.60028735592437,439.01117026568124,443.138427734375,16413400,0.0,0.0
2024-06-26 00:00:00-04:00,441.222219477512,445.7425422004591,440.4262530619795,444.3274841308594,16507000,0.0,0.0
2024-06-27 00:00:00-04:00,444.3471165440364,448.2680202655606,443.94421515967235,445.0055236816406,14806300,0.0,0.0
2024-06-28 00:00:00-04:00,445.22168389223947,447.49166642517747,438.6770484115445,439.20770263671875,28362300,0.0,0.0
2024-07-01 00:00:00-04:00,440.88808384173325,449.447196335744,437.94005138791704,448.81829833984375,17662800,0.0,0.0
2024-07-02 00:00:00-04:00,445.349461110364,451.6287548273333,445.26099374388446,451.3241271972656,13979800,0.0,0.0
2024-07-03 00:00:00-04:00,450.25300481306164,453.03396893483153,449.94837718806366,452.7882995605469,9932800,0.0,0.0
2024-07-05 00:00:00-04:00,451.6484251718753,460.2370475569388,451.01952711906966,459.4607238769531,16000300,0.0,0.0
2024-07-08 00:00:00-04:00,458.46817132419625,459.598274429734,456.4143789671548,458.1635437011719,12962300,0.0,0.0
2024-07-09 00:00:00-04:00,458.91038601076474,459.23465638604694,450.06628863582495,451.5796203613281,17207200,0.0,0.0
2024-07-10 00:00:00-04:00,453.2305340754163,458.3797547644369,450.9113994976311,458.17340087890625,18196100,0.0,0.0
2024-07-11 00:00:00-04:00,454.9600551032178,456.72886266734906,443.7280281074878,446.823486328125,23111200,0.0,0.0
2024-07-12 00:00:00-04:00,446.45987718044813,448.4547114032981,442.8436310012122,445.6933898925781,16324300,0.0,0.0
2024-07-15 00:00:00-04:00,445.4476512443302,449.33907532131764,443.61004931355325,446.0962219238281,14429400,0.0,0.0
2024-07-16 00:00:00-04:00,446.35175028412175,446.430351284593,438.92271119875926,441.733154296875,17175700,0.0,0.0
2024-07-17 00:00:00-04:00,434.92321432561624,437.1440749862863,431.5722805813875,435.83709716796875,21778000,0.0,0.0
2024-07-18 00:00:00-04:00,436.6429610062861,436.94758866304596,426.87514326717604,432.7417297363281,20794800,0.0,0.0
2024-07-19 00:00:00-04:00,425.5976305961669,433.49836608097274,424.51667935003445,429.53814697265625,20940400,0.0,0.0
2024-07-22 00:00:00-04:00,434.1371082507153,436.898429671943,431.306992206013,435.2671813964844,15808800,0.0,0.0
2024-07-23 00:00:00-04:00,436.21054835742433,440.62279084734524,435.4244183311835,437.14410400390625,13107100,0.0,0.0
2024-07-24 00:00:00-04:00,432.82031037979385,433.8324669900576,420.18306232506063,421.4703674316406,26805800,0.0,0.0
2024-07-25 00:00:00-04:00,421.3721232816147,422.35480083589914,410.2777152857788,411.15228271484375,29943800,0.0,0.0
2024-07-26 00:00:00-04:00,410.95575198353527,421.490056226304,410.0418390958428,417.90325927734375,23583800,0.0,0.0
2024-07-29 00:00:00-04:00,424.10394408211863,424.66407745687695,417.34314804369717,419.3379821777344,15125800,0.0,0.0
2024-07-30 00:00:00-04:00,420.3108034246303,421.6177512482942,410.13024936818454,415.5939636230469,32687600,0.0,0.0
2024-07-31 00:00:00-04:00,413.2159000993034,414.4737261342931,405.06949500365346,411.1031494140625,42891400,0.0,0.0
2024-08-01 00:00:00-04:00,413.50088916463085,420.05533154219523,405.9342601346404,409.8846130371094,30296400,0.0,0.0
2024-08-02 00:00:00-04:00,405.34465060644726,407.8111808388244,397.335834619087,401.4139404296875,29437900,0.0,0.0
2024-08-05 00:00:00-04:00,382.4286307082766,394.09300828762184,378.90079195613237,388.3050231933594,40709200,0.0,0.0
2024-08-06 00:00:00-04:00,393.07103331037194,398.64282840268,391.59701693545804,392.6877746582031,24946500,0.0,0.0
2024-08-07 00:00:00-04:00,401.56132604317764,402.9763539760022,390.58480577308114,391.5281677246094,20650900,0.0,0.0
2024-08-08 00:00:00-04:00,395.46871662305415,398.8294567188382,393.0120229903142,395.7143859863281,20203000,0.0,0.0
2024-08-09 00:00:00-04:00,397.0312061411671,400.9815590644515,395.2918776876415,398.9867248535156,19276700,0.0,0.0
2024-08-12 00:00:00-04:00,400.008700380632,401.6792641246606,397.23754263585204,399.7630310058594,16762900,0.0,0.0
2024-08-13 00:00:00-04:00,402.49483997156227,407.7620065253935,402.47519721922214,406.8382873535156,19414300,0.0,0.0
2024-08-14 00:00:00-04:00,407.61460282522484,410.484034234621,405.30533476037385,409.638916015625,18267000,0.0,0.0
2024-08-15 00:00:00-04:00,413.27153919674845,414.56116454959863,411.16483466760724,414.482421875,20752100,0.75,0.0
2024-08-16 00:00:00-04:00,414.05913029915934,414.787612725286,410.8104315549657,411.9622497558594,22775600,0.0,0.0
2024-08-19 00:00:00-04:00,412.4446299731582,415.19125033166955,409.9835081573214,414.97467041015625,15234000,0.0,0.0
2024-08-20 00:00:00-04:00,415.14201975205145,419.23729981689326,415.082955234779,418.19378662109375,16387600,0.0,0.0
2024-08-21 00:00:00-04:00,417.48497282390196,419.7689009161739,415.1616884163413,417.5440673828125,16067300,0.0,0.0
2024-08-22 00:00:00-04:00,417.7606059891525,420.1528389914807,408.1622318516386,409.0876159667969,19361900,0.0,0.0
2024-08-23 00:00:00-04:00,410.4954583139899,412.74000030450156,405.68148941527863,410.30841064453125,18493800,0.0,0.0
2024-08-26 00:00:00-04:00,409.89494023874727,410.79079224794975,404.9431639983374,407.0597229003906,13152800,0.0,0.0
2024-08-27 00:00:00-04:00,406.43949576869113,407.9161688910183,403.8700989564779,407.4042663574219,13492900,0.0,0.0
2024-08-28 00:00:00-04:00,408.4280692350888,408.5461982686738,400.97578558888256,404.2146301269531,14882700,0.0,0.0
2024-08-29 00:00:00-04:00,408.48716903331825,415.4865852646763,404.2146650393698,406.6954650878906,17045200,0.0,0.0
2024-08-30 00:00:00-04:00,409.1368946584357,410.9974871196902,405.72085639315753,410.6529541015625,24308300,0.0,0.0
2024-09-03 00:00:00-04:00,411.41094371784055,413.3503087826454,400.7001374742272,403.0726623535156,20313600,0.0,0.0
2024-09-04 00:00:00-04:00,399.59758459335677,404.8446830658677,398.0815251485243,402.54107666015625,15135800,0.0,0.0
2024-09-05 00:00:00-04:00,401.28095677141835,406.67574622741506,399.8141378862011,402.03900146484375,14195500,0.0,0.0
2024-09-06 00:00:00-04:00,402.6985610672717,404.26383081056673,394.5670056307313,395.4530334472656,19609500,0.0,0.0
2024-09-09 00:00:00-04:00,400.9068736495872,402.2949499033103,395.89603343829765,399.4105224609375,15295100,0.0,0.0
2024-09-10 00:00:00-04:00,401.8519446669211,409.8554868302287,401.3597203496137,407.7586364746094,19594300,0.0,0.0
2024-09-11 00:00:00-04:00,409.03843011648604,417.39638986900843,403.21048066101315,416.461181640625,19266900,0.0,0.0
2024-09-12 00:00:00-04:00,416.7270008247058,420.7238603737511,413.22236565404535,420.359619140625,17395700,0.0,0.0
2024-09-13 00:00:00-04:00,419.2077526362247,425.1144444971336,418.84351144501346,423.89373779296875,15874600,0.0,0.0
2024-09-16 00:00:00-04:00,423.90362815097126,426.7880557127787,421.5606353721957,424.6321105957031,13834700,0.0,0.0
2024-09-17 00:00:00-04:00,433.3838592052121,434.9786612819886,425.54762597309116,428.3828430175781,18874200,0.0,0.0
2024-09-18 00:00:00-04:00,428.23513248274287,429.2491133188561,423.71651710377296,424.11029052734375,18898000,0.0,0.0
2024-09-19 00:00:00-04:00,434.36830593406904,434.63409626466625,430.1056262859268,431.8677978515625,21706600,0.0,0.0
2024-09-20 00:00:00-04:00,430.42066355244185,432.4092391189892,427.4673174405253,428.5009765625,55167100,0.0,0.0
2024-09-23 00:00:00-04:00,427.52638627626743,429.67247726227924,423.6968964015023,426.76837158203125,15128900,0.0,0.0
2024-09-24 00:00:00-04:00,426.26630559260894,426.61086866115505,419.4736152765213,422.4958801269531,17015800,0.0,0.0
2024-09-25 00:00:00-04:00,423.14550369143143,426.38434780743177,421.905118957441,425.3900451660156,13396400,0.0,0.0
2024-09-26 00:00:00-04:00,428.32381527731917,428.53054110869147,422.45650897162153,424.60260009765625,14492000,0.0,0.0
2024-09-27 00:00:00-04:00,424.8093096047705,425.1341945131492,420.82230422369577,421.3637390136719,14896100,0.0,0.0
2024-09-30 00:00:00-04:00,421.5507517579481,423.7264049247719,418.7549211722127,423.6082458496094,16807300,0.0,0.0
2024-10-01 00:00:00-04:00,421.78706729834266,421.81659955830685,412.2969671899716,414.1477355957031,19092900,0.0,0.0
2024-10-02 00:00:00-04:00,416.00832438993655,416.24461251055664,410.22961524498584,410.6430969238281,16582300,0.0,0.0
2024-10-03 00:00:00-04:00,411.1352707030125,413.02539517750694,407.8472160075386,410.0622253417969,13686400,0.0,0.0
2024-10-04 00:00:00-04:00,411.7357819472086,413.2223089798081,408.5166457695598,409.5896911621094,19169700,0.0,0.0
2024-10-07 00:00:00-04:00,409.5306419831522,410.6233655735784,402.6395013728588,403.1711120605469,20919800,0.0,0.0
2024-10-08 00:00:00-04:00,404.50993429186275,409.19591936395466,401.82240877121177,408.26068115234375,19229300,0.0,0.0
2024-10-09 00:00:00-04:00,409.3928325735408,413.8425600403991,407.857094965171,410.96795654296875,14974300,0.0,0.0
2024-10-10 00:00:00-04:00,408.7726696220669,410.8596961873674,406.7249993762307,409.3731689453125,13848400,0.0,0.0
2024-10-11 00:00:00-04:00,409.66850956364067,410.64310419410805,406.82343830885475,409.845703125,14144900,0.0,0.0
2024-10-14 00:00:00-04:00,411.27310627026066,417.4456186019399,411.02699410502277,412.621826171875,16653100,0.0,0.0
2024-10-15 00:00:00-04:00,415.61450241094855,415.90985501650863,408.80213492837686,412.2279968261719,18900200,0.0,0.0
2024-10-16 00:00:00-04:00,408.71356498849764,409.8850312589263,404.09649835161355,409.6487731933594,15508900,0.0,0.0
2024-10-17 00:00:00-04:00,415.79171565844746,415.9295528895068,409.12700914123224,410.23944091796875,14820000,0.0,0.0
2024-10-18 00:00:00-04:00,410.6529471112624,413.12389293089865,409.78662744422246,411.6570739746094,17145300,0.0,0.0
2024-10-21 00:00:00-04:00,409.64875806524304,412.4445885621628,407.3156196249642,412.26739501953125,14206100,0.0,0.0
2024-10-22 00:00:00-04:00,411.9819772653469,423.88395989968774,411.53899332193106,420.8617248535156,25482200,0.0,0.0
2024-10-23 00:00:00-04:00,424.1595460644349,424.37612597688815,415.95910173602493,417.9969177246094,19654400,0.0,0.0
2024-10-24 00:00:00-04:00,418.71552307399537,419.3554387186423,415.8310957950025,418.1248779296875,13581600,0.0,0.0
2024-10-25 00:00:00-04:00,420.1233311665373,425.7937351729216,419.9362835126177,421.49169921875,16899100,0.0,0.0
2024-10-28 00:00:00-04:00,424.9471560845272,425.222800536086,419.67049509941035,419.95599365234375,14882400,0.0,0.0
2024-10-29 00:00:00-04:00,421.34405104712135,426.4336641349943,419.1782518516455,425.2326354980469,17644100,0.0,0.0
2024-10-30 00:00:00-04:00,430.6372355196224,431.68074872313076,425.3802831426112,425.8035888671875,29749100,0.0,0.0
2024-10-31 00:00:00-04:00,408.9006246633273,409.6882017012257,399.9815212546983,400.03076171875,53971000,0.0,0.0
2024-11-01 00:00:00-04:00,402.64935394725995,409.0384161036912,401.162826864631,403.9881896972656,24230400,0.0,0.0
2024-11-04 00:00:00-05:00,403.42703719981586,404.0374205874987,399.26283871579096,402.1078796386719,19672300,0.0,0.0
2024-11-05 00:00:00-05:00,402.0192756499378,408.4477238969609,401.7337771398714,405.06121826171875,17626000,0.0,0.0
2024-11-06 00:00:00-05:00,406.0063586804049,413.91148078515863,404.13588205792996,413.6456604003906,26681800,0.0,0.0
2024-11-07 00:00:00-05:00,414.72850912180576,420.21189508853655,413.3502870767265,418.81396484375,19901800,0.0,0.0
2024-11-08 00:00:00-05:00,418.7057298172818,419.8673720771894,415.2207729945687,415.9689636230469,16891400,0.0,0.0
2024-11-11 00:00:00-05:00,415.94930419372986,418.203700401307,409.5307087092454,411.50946044921875,24503300,0.0,0.0
2024-11-12 00:00:00-05:00,411.7456911405818,417.8394313280264,410.7120319666306,416.45135498046875,19401200,0.0,0.0
2024-11-13 00:00:00-05:00,415.0829505962656,422.65333320998997,411.70626883397995,418.58758544921875,21502200,0.0,0.0
2024-11-14 00:00:00-05:00,418.39068982634956,421.51140536702854,413.4684464166278,420.2513122558594,30246900,0.0,0.0
2024-11-15 00:00:00-05:00,413.29122260558944,416.22486023548765,407.207337406915,408.5461730957031,28247600,0.0,0.0
2024-11-18 00:00:00-05:00,408.41825976061074,411.8933627455597,405.6913474607701,409.29443359375,24727000,0.0,0.0
2024-11-19 00:00:00-05:00,406.6855735772408,411.4404774532615,405.149836063281,411.2928161621094,18133500,0.0,0.0
2024-11-20 00:00:00-05:00,410.3871084118776,410.8005900683197,404.19491792354364,409.028564453125,19191700,0.0,0.0
2024-11-21 00:00:00-05:00,413.8028113322242,414.07900747535325,404.71789987463876,407.2628479003906,20780200,0.83,0.0
2024-11-22 00:00:00-05:00,405.7832472742104,411.73135363774225,405.4774597411712,411.3367919921875,24814600,0.0,0.0
2024-11-25 00:00:00-05:00,412.69804256956826,415.36135617252853,409.2159842267064,413.10247802734375,27691100,0.0,0.0
2024-11-26 00:00:00-05:00,413.8916059444426,423.21327891734404,413.16166540924917,422.1775207519531,23458900,0.0,0.0
2024-11-27 00:00:00-05:00,419.33671813500956,421.4279524571333,416.2886859362159,417.2455139160156,18332400,0.0,0.0
2024-11-29 00:00:00-05:00,414.38481768654003,419.1097738504757,412.1259094010287,417.70904541015625,16271900,0.0,0.0
2024-12-02 00:00:00-05:00,415.84477479075025,427.11953971126485,415.58829615007085,425.1269836425781,20207200,0.0,0.0
2024-12-03 00:00:00-05:00,424.00241788094525,426.5967051479557,421.93093157664276,425.3439636230469,18302000,0.0,0.0
2024-12-04 00:00:00-05:00,427.1490975254907,433.698935348809,426.754535872994,431.4794921875,26009400,0.0,0.0
2024-12-05 00:00:00-05:00,431.9727342727058,438.62119043191433,430.2465005729482,436.60888671875,21697800,0.0,0.0
2024-12-06 00:00:00-05:00,436.2931878578621,440.04159877439776,435.7703869006791,437.54595947265625,18821000,0.0,0.0
2024-12-09 00:00:00-05:00,436.5891705079944,442.2413336019405,434.51768404131514,439.96270751953125,19144400,0.0,0.0
2024-12-10 00:00:00-05:00,438.3548361326827,443.51378920495125,435.6027181772746,437.3092041015625,18469500,0.0,0.0
2024-12-11 00:00:00-05:00,438.0194510528632,444.23391032066826,438.0194510528632,442.8923645019531,19200200,0.0,0.0
2024-12-12 00:00:00-05:00,443.01071967285327,449.96499320791463,443.01071967285327,443.4546203613281,20834800,0.0,0.0
2024-12-13 00:00:00-05:00,442.34980235220513,445.2991859531554,439.5286279530639,441.1956787109375,20177800,0.0,0.0
2024-12-16 00:00:00-05:00,441.19569319284585,446.039014950384,439.23272866925197,445.45703125,23598800,0.0,0.0
2024-12-17 00:00:00-05:00,444.8849272856994,449.1068002031095,443.4644812477741,448.2880554199219,22733500,0.0,0.0
2024-12-18 00:00:00-05:00,445.19070178831043,446.50262602359174,431.08488976149135,431.44989013671875,24444500,0.0,0.0
2024-12-19 00:00:00-05:00,435.62238649827736,437.1611978449551,430.39437744906724,431.0947265625,22963700,0.0,0.0
2024-12-20 00:00:00-05:00,427.22800034083093,437.7136411325363,422.80886164173944,430.6706237792969,64263700,0.0,0.0
2024-12-23 00:00:00-05:00,430.80871372187636,431.70635881030796,426.9518110200716,429.3389587402344,19152500,0.0,0.0
2024-12-24 00:00:00-05:00,428.74712104240933,433.6299083717355,428.2933766162313,433.3635559082031,7164500,0.0,0.0
2024-12-26 00:00:00-05:00,433.1169536147247,434.9517090842379,430.70024449975995,432.1601257324219,8194200,0.0,0.0
2024-12-27 00:00:00-05:00,428.69777768381334,429.30935275325726,420.5598195240772,424.68304443359375,18117700,0.0,0.0
2024-12-30 00:00:00-05:00,420.2737923808389,421.7435474622816,416.17028459927946,419.06048583984375,13158700,0.0,0.0
2024-12-31 00:00:00-05:00,420.313230174155,420.9346790911402,414.94710727917607,415.77569580078125,13246500,0.0,0.0
2025-01-02 00:00:00-05:00,419.7509500092328,420.2836247921959,409.21600045312425,412.89532470703125,16896500,0.0,0.0
2025-01-03 00:00:00-05:00,415.36136467137544,418.2713132207811,413.8423008464514,417.6005554199219,16662900,0.0,0.0
2025-01-06 00:00:00-05:00,422.1874160873605,428.4215926337743,419.7016505493917,422.0394592285156,20573600,0.0,0.0
2025-01-07 00:00:00-05:00,423.1738138555601,424.80139942668757,415.0851648128758,416.63385009765625,18139100,0.0,0.0
2025-01-08 00:00:00-05:00,417.7090917280971,421.1714329663283,415.81518360520914,418.7941589355469,15054600,0.0,0.0
2025-01-10 00:00:00-05:00,418.8631994200863,418.9420997125399,409.383695034764,413.2603454589844,20201100,0.0,0.0
2025-01-13 00:00:00-05:00,409.6007318390263,412.81646832203865,406.69081302742603,411.5242614746094,17604800,0.0,0.0
2025-01-14 00:00:00-05:00,412.1357932076061,414.03957499111027,405.14208486737954,410.0248718261719,16935900,0.0,0.0
2025-01-15 00:00:00-05:00,413.43790279096226,422.3353935398116,412.5895665870108,420.5203857421875,19637800,0.0,0.0
2025-01-16 00:00:00-05:00,422.87788427352234,423.6571336957602,418.6264203199314,418.8138122558594,15300000,0.0,0.0
2025-01-17 00:00:00-05:00,428.1947089431654,428.57942688248704,422.3551241092644,423.20343017578125,26197500,0.0,0.0
2025-01-21 00:00:00-05:00,424.3575582513444,425.0480336398343,419.82002384260585,422.6806335449219,26085700,0.0,0.0
2025-01-22 00:00:00-05:00,431.6175824572203,441.1957044539868,430.0787709144918,440.1402587890625,27803800,0.0,0.0
2025-01-23 00:00:00-05:00,435.9973147591307,440.6828062638951,435.50410512705025,440.6433410644531,18389300,0.0,0.0
2025-01-24 00:00:00-05:00,439.11439458237174,440.5841496239721,435.40544858930485,438.0293273925781,15549500,0.0,0.0
2025-01-27 00:00:00-05:00,418.2516444520013,429.2896784954125,417.74856099112463,428.6583557128906,35647800,0.0,0.0
2025-01-28 00:00:00-05:00,428.69779052094407,442.29064589853647,425.52151949148305,441.1266784667969,23491700,0.0,0.0
2025-01-29 00:00:00-05:00,440.62361853818396,440.81104060450724,434.41903300783486,436.32281494140625,23581400,0.0,0.0
2025-01-30 00:00:00-05:00,413.0827588425547,417.1172097708342,407.54896156269734,409.3540954589844,54586300,0.0,0.0
2025-01-31 00:00:00-05:00,413.2899333042713,414.976701732093,409.27519987674,409.42315673828125,34161900,0.0,0.0
2025-02-03 00:00:00-05:00,406.0101743775102,409.7684293585694,403.11009933813943,405.33941650390625,25679100,0.0,0.0
2025-02-04 00:00:00-05:00,407.0853452090854,408.29865167160733,404.1753965052981,406.7696838378906,20532100,0.0,0.0
2025-02-05 00:00:00-05:00,406.7500095317457,408.2098908482498,404.8264798311111,407.67724609375,16316700,0.0,0.0
2025-02-06 00:00:00-05:00,408.37753095462284,412.5205034548323,408.37753095462284,410.1728210449219,16309800,0.0,0.0
2025-02-07 00:00:00-05:00,410.8238533335017,412.96436600470287,402.5576561425311,404.18524169921875,22886800,0.0,0.0
2025-02-10 00:00:00-05:00,408.0914896331453,409.81772327895646,405.3394016663598,406.6217346191406,20817900,0.0,0.0
2025-02-11 00:00:00-05:00,404.0768132724711,406.8880841725034,403.74140422239867,405.85235595703125,18140600,0.0,0.0
2025-02-12 00:00:00-05:00,401.6797299133385,405.17166210079324,398.87830316572246,403.4848937988281,19121700,0.0,0.0
2025-02-13 00:00:00-05:00,401.4725759938153,405.41825241635894,400.8412533167097,404.9645080566406,23891700,0.0,0.0
2025-02-14 00:00:00-05:00,402.25191655873215,403.35670130819824,400.3678521686821,402.8832092285156,22758500,0.0,0.0
2025-02-18 00:00:00-05:00,402.4590098668831,405.0237056562673,400.9793811541372,404.0767517089844,21423100,0.0,0.0
2025-02-19 00:00:00-05:00,402.3406422459273,409.84727742582396,402.11375500738893,409.1370544433594,24114200,0.0,0.0
2025-02-20 00:00:00-05:00,410.47141636340496,414.4447616167347,407.75332449561745,411.3016662597656,23508700,0.83,0.0
2025-02-21 00:00:00-05:00,412.4976421272199,413.1993956224997,403.15730762956775,403.47357177734375,27524800,0.0,0.0
2025-02-24 00:00:00-05:00,403.7700887978409,404.62009578289485,394.6867174896375,399.3124084472656,26443700,0.0,0.0
2025-02-25 00:00:00-05:00,396.44608593506547,397.25657880262406,392.09714469383994,393.283203125,29387400,0.0,0.0
2025-02-26 00:00:00-05:00,393.3919357776839,398.9170718958632,389.6755530638089,395.09197998046875,19619000,0.0,0.0
2025-02-27 00:00:00-05:00,396.61407498406965,401.0322110218146,387.61968592381214,387.9754943847656,21127400,0.0,0.0
2025-02-28 00:00:00-05:00,388.1039519665842,393.01628603943124,382.0846181303036,392.3836975097656,32845700,0.0,0.0
2025-03-03 00:00:00-05:00,394.1925506012372,394.1925506012372,381.6794393165997,383.9823913574219,23007700,0.0,0.0
2025-03-04 00:00:00-05:00,378.9513820023961,388.02485870202906,376.5792353713358,384.1009216308594,29342900,0.0,0.0
2025-03-05 00:00:00-05:00,384.822503579622,397.0094560898268,384.2986543499986,396.3669738769531,23433100,0.0,0.0
2025-03-06 00:00:00-05:00,389.7051801734712,397.4838599812305,388.12373889118527,392.284912109375,23304600,0.0,0.0
2025-03-07 00:00:00-05:00,387.76798692760104,390.21919261692045,381.06665528777256,388.7464904785156,22034100,0.0,0.0
2025-03-10 00:00:00-04:00,381.3631114017718,381.9166113327009,372.8431337183802,375.7490234375,32840100,0.0,0.0
2025-03-11 00:00:00-04:00,374.6025176419591,381.5212976511773,372.53677123025375,376.03570556640625,30380200,0.0,0.0
2025-03-12 00:00:00-04:00,378.5066728711865,380.7503233781215,374.55308456142495,378.82293701171875,24253600,0.0,0.0
2025-03-13 00:00:00-04:00,378.71423026442886,380.8491715851453,373.07049136146827,374.3751525878906,20473000,0.0,0.0
2025-03-14 00:00:00-04:00,375.3734195488383,385.7021804869834,375.10656321193693,384.0515441894531,19952800,0.0,0.0
2025-03-17 00:00:00-04:00,382.2132080479099,388.15345468919406,381.0963143894263,384.19000244140625,22474300,0.0,0.0
2025-03-18 00:00:00-04:00,382.57886557924786,382.87537263830677,376.67813379609476,379.0700378417969,19486900,0.0,0.0
2025-03-19 00:00:00-04:00,381.0567221702146,385.158563988563,379.54447585576617,383.3201599121094,19185500,0.0,0.0
2025-03-20 00:00:00-04:00,381.2642891356356,387.24410971121733,378.8328407062668,382.3515319824219,18470500,0.0,0.0
2025-03-21 00:00:00-04:00,378.7735544022507,387.19468720298374,378.35841433019584,386.72027587890625,39675900,0.0,0.0
2025-03-24 00:00:00-04:00,390.81222312553433,390.81222312553433,385.28708673252123,388.5191345214844,21004500,0.0,0.0
2025-03-25 00:00:00-04:00,389.34940942223693,391.7610706609813,388.0842623065983,390.57501220703125,15775000,0.0,0.0
2025-03-26 00:00:00-04:00,390.4168262767483,390.7232269425197,384.061440622416,385.4451904296875,16108400,0.0,0.0
2025-03-27 00:00:00-04:00,385.60330465875484,387.6888077325019,382.9049701422927,386.0480651855469,13766800,0.0,0.0
2025-03-28 00:00:00-04:00,383.5771397086297,384.6149747790714,372.5565178920864,374.4048156738281,21632000,0.0,0.0
2025-03-31 00:00:00-04:00,368.2174556076631,372.6948931611048,362.97893300010196,371.0343933105469,35184700,0.0,0.0
2025-04-01 00:00:00-04:00,370.3030004386035,378.4078694453165,368.89949332324585,377.7555236816406,19689500,0.0,0.0
2025-04-02 00:00:00-04:00,373.5844861787052,380.61197570359644,372.25014394283687,377.70611572265625,16092600,0.0,0.0
2025-04-03 00:00:00-04:00,370.4413221297822,373.10011248760316,365.06444000689004,368.7807922363281,30198000,0.0,0.0
2025-04-04 00:00:00-04:00,359.90499587925865,370.2436198076782,355.30895597122804,355.6647644042969,49209900,0.0,0.0
2025-04-07 00:00:00-04:00,346.808801297969,366.6953473866903,340.78946619633433,353.7077941894531,50425000,0.0,0.0
2025-04-08 00:00:00-04:00,363.98709615832223,369.3145404099518,346.1860561796805,350.446044921875,35868900,0.0,0.0
2025-04-09 00:00:00-04:00,349.4379409733939,388.667426732123,349.0030438091915,385.9591979980469,50199700,0.0,0.0
2025-04-10 00:00:00-04:00,377.6269854135807,379.44563241847453,363.5324334212975,376.92523193359375,38024400,0.0,0.0
2025-04-11 00:00:00-04:00,376.2234920445777,385.52428234575257,374.4937970946495,383.94287109375,23839200,0.0,0.0
2025-04-14 00:00:00-04:00,388.6575040815548,390.0709046779098,379.75203666792555,383.3102722167969,19251200,0.0,0.0
2025-04-15 00:00:00-04:00,384.00213704858294,387.342923812398,379.7026039659422,381.25439453125,17199900,0.0,0.0
2025-04-16 00:00:00-04:00,376.25312290658945,377.1821883945702,363.7301188576812,367.2982177734375,21967800,0.0,0.0
2025-04-17 00:00:00-04:00,369.41339637295704,369.9767899290697,362.6330071079686,363.5126647949219,21120200,0.0,0.0
2025-04-21 00:00:00-04:00,358.6102059570081,360.25094859286406,351.543173455908,354.953125,20807300,0.0,0.0
2025-04-22 00:00:00-04:00,359.1637542302739,363.5028019496421,355.68457702509073,362.5638427734375,19485000,0.0,0.0
2025-04-23 00:00:00-04:00,371.6965961898571,375.9763723537339,368.69186067990836,370.0459899902344,20545500,0.0,0.0
2025-04-24 00:00:00-04:00,371.3408006891215,383.9428636514652,370.8367085183124,382.8061828613281,22232300,0.0,0.0
2025-04-25 00:00:00-04:00,382.5097039822226,387.6098369882708,380.13755681192964,387.3034362792969,18973200,0.0,0.0
2025-04-28 00:00:00-04:00,387.41210451108003,388.18305301396595,382.1538550582223,386.62139892578125,16579400,0.0,0.0
2025-04-29 00:00:00-04:00,386.75975859738145,390.51568553400665,385.85045019118235,389.4679870605469,14974000,0.0,0.0
2025-04-30 00:00:00-04:00,385.7713871677669,392.0576085897077,379.97939447353656,390.6738586425781,36461100,0.0,0.0
2025-05-01 00:00:00-04:00,426.1078502028247,431.91962985286955,419.9699127886788,420.464111328125,58938100,0.0,0.0
2025-05-02 00:00:00-04:00,426.7305579775838,434.3412277785372,425.0008630376841,430.2294921875,30757400,0.0,0.0
2025-05-05 00:00:00-04:00,427.8474632490504,434.40054108405303,427.09627177369964,431.10919189453125,20136100,0.0,0.0
2025-05-06 00:00:00-04:00,427.18524232094876,432.65107712392626,426.1671945058241,428.2823486328125,15104200,0.0,0.0
2025-05-07 00:00:00-04:00,428.80620435216304,433.0365428333408,426.1078693467033,428.3218994140625,23295300,0.0,0.0
2025-05-08 00:00:00-04:00,432.8487322038109,438.5221520354275,430.60508165893515,433.0859680175781,23491300,0.0,0.0
2025-05-09 00:00:00-04:00,434.8946881691784,435.6260923106028,430.82249727884243,433.6394348144531,15324200,0.0,0.0
2025-05-12 00:00:00-04:00,440.7658165502587,444.1560114514232,434.67728663767485,444.04730224609375,22821900,0.0,0.0
2025-05-13 00:00:00-04:00,442.5844751269483,445.4409573721911,440.19254074927665,443.9287109375,23618800,0.0,0.0
2025-05-14 00:00:00-04:00,442.940276452347,448.6334230518337,442.940276452347,447.6845703125,19902800,0.0,0.0
2025-05-15 00:00:00-04:00,446.3576953837484,451.7246558325709,446.0210270484144,448.6946105957031,21992300,0.83,0.0
2025-05-16 00:00:00-04:00,447.6251542704443,449.91254071320964,444.3376746324017,449.82342529296875,23849800,0.0,0.0
2025-05-19 00:00:00-04:00,446.4666664897976,455.0914021356244,446.38743262939596,454.3784484863281,21336500,0.0,0.0
2025-05-20 00:00:00-04:00,451.1305396548173,453.85362179890075,449.87298168888566,453.685302734375,15441800,0.0,0.0
2025-05-21 00:00:00-04:00,450.12052955644793,453.2991005803846,447.38753565613104,448.1401062011719,19216900,0.0,0.0
2025-05-22 00:00:00-04:00,450.4967994491365,455.74490907390424,449.4570590917957,450.40765380859375,18025600,0.0,0.0
2025-05-23 00:00:00-04:00,445.5754438212613,449.2491205375805,444.51591011589574,445.7734680175781,16883500,0.0,0.0
2025-05-27 00:00:00-04:00,452.0118204825961,456.4380677238799,451.65532857824905,456.18060302734375,20974300,0.0,0.0
2025-05-28 00:00:00-04:00,456.7053805592909,457.9926435100278,452.457364471685,452.8831481933594,17086300,0.0,0.0
2025-05-29 00:00:00-04:00,457.0321797296883,457.2005290082406,450.8532686393741,454.1902770996094,13974800,0.0,0.0
2025-05-30 00:00:00-04:00,455.2200705832806,457.16087682654637,451.08099341488645,455.8537902832031,34770500,0.0,0.0
2025-06-02 00:00:00-04:00,452.6653804963421,457.5867035205711,452.41782757710985,457.4480895996094,16626500,0.0,0.0
2025-06-03 00:00:00-04:00,456.9529759669727,459.5968543955761,456.3489311405408,458.43829345703125,15743800,0.0,0.0
2025-06-04 00:00:00-04:00,459.4582001214203,461.1316602074749,458.48778183720145,459.3294677734375,14162700,0.0,0.0
2025-06-05 00:00:00-04:00,460.40879598021155,465.05289099241804,459.487906406924,463.1021728515625,20131700,0.0,0.0
2025-06-06 00:00:00-04:00,465.4885564998141,468.70674412433226,464.1913817517478,465.7757263183594,15285600,0.0,0.0
2025-06-09 00:00:00-04:00,465.10242514198006,468.7958952647425,464.0329796350046,468.12255859375,16469900,0.0,0.0
2025-06-10 00:00:00-04:00,466.57783210788693,468.172058367284,462.38922592870773,466.31048583984375,15375900,0.0,0.0
2025-06-11 00:00:00-04:00,465.4192790589967,470.81594475736864,465.0628173622344,467.99383544921875,16399200,0.0,0.0
2025-06-12 00:00:00-04:00,470.3702965389571,475.7174632765806,468.88497916047487,474.1826171875,18950600,0.0,0.0
2025-06-13 00:00:00-04:00,471.74673205457395,474.48960742449077,468.13246560456287,470.3109130859375,16814500,0.0,0.0
2025-06-16 00:00:00-04:00,470.5584575569121,475.98482813726486,470.3505215770748,474.45001220703125,15626100,0.0,0.0
2025-06-17 00:00:00-04:00,470.7466055851971,474.0539088222925,469.4395189734987,473.36077880859375,15414100,0.0,0.0
2025-06-18 00:00:00-04:00,473.3212114965306,476.2918467151281,469.8158534773037,475.5392761230469,17526500,0.0,0.0
2025-06-20 00:00:00-04:00,477.5097592999014,478.7277002496467,472.2022093150259,472.7270202636719,37576200,0.0,0.0
2025-06-23 00:00:00-04:00,473.52910172023695,482.97572926336846,467.8849134818946,481.24285888671875,24864000,0.0,0.0
2025-06-24 00:00:00-04:00,484.16397269221426,487.0355802812341,482.03499358247046,485.3125915527344,22305600,0.0,0.0
2025-06-25 00:00:00-04:00,487.2237477118272,489.71907018583636,484.59969288856837,487.45147705078125,17495100,0.0,0.0
2025-06-26 00:00:00-04:00,488.154593387658,493.16506236350125,487.98624409592895,492.5808410644531,21578900,0.0,0.0
2025-06-27 00:00:00-04:00,492.6797975508017,494.4126679494895,488.2040517426954,491.0855712890625,34539200,0.0,0.0
2025-06-30 00:00:00-04:00,492.17479474651304,495.8583832017286,490.4815111095117,492.5411682128906,28369000,0.0,0.0
2025-07-01 00:00:00-04:00,491.61036068604886,493.1748817381986,486.1741086010328,487.2336120605469,19945400,0.0,0.0
2025-07-02 00:00:00-04:00,485.1937811955959,488.66943364597034,483.9164299655294,486.28302001953125,16319600,0.0,0.0
2025-07-03 00:00:00-04:00,488.9764203666982,495.2345653483035,488.6100468852986,493.9571838378906,13984800,0.0,0.0
2025-07-07 00:00:00-04:00,492.51147619590915,493.86806132382594,490.38252718836065,492.84814453125,13981600,0.0,0.0
2025-07-08 00:00:00-04:00,492.37280697303856,493.3234318678901,489.2734398258723,491.7588806152344,11846600,0.0,0.0
2025-07-09 00:00:00-04:00,495.4028504286207,501.8194324629264,494.84833435120834,498.5814514160156,18659500,0.0,0.0
2025-07-10 00:00:00-04:00,498.12592881176073,499.50233742843255,492.877819466512,496.5713195800781,16492100,0.0,0.0
2025-07-11 00:00:00-04:00,493.59080845907414,500.08659454551145,492.9273533491097,498.3933410644531,16459500,0.0,0.0
2025-07-14 00:00:00-04:00,496.61090454240406,499.03693501960714,496.1257105345073,498.0962219238281,12058800,0.0,0.0
2025-07-15 00:00:00-04:00,498.0962552049,503.3245715280963,497.8685258646023,500.8688659667969,14927200,0.0,0.0
2025-07-16 00:00:00-04:00,500.2351113436526,501.7600457375481,496.9773367906475,500.6708068847656,15154400,0.0,0.0
2025-07-17 00:00:00-04:00,500.730191050298,508.3449206172861,500.67078077223215,506.6912841796875,17503100,0.0,0.0
2025-07-18 00:00:00-04:00,509.4440643876484,509.6025320949179,502.4630844244223,505.05743408203125,21209700,0.0,0.0
2025-07-21 00:00:00-04:00,501.75013722027745,507.0775109565722,500.6014880788464,505.0673522949219,14066800,0.0,0.0
2025-07-22 00:00:00-04:00,505.968437121084,506.19619667447284,500.32421875,500.32421875,13868600,0.0,0.0
2025-07-23 00:00:00-04:00,501.78975657062705,501.82937349813983,495.7989881406536,500.9183654785156,16396600,0.0,0.0
2025-07-24 00:00:00-04:00,503.7899711970312,508.6420022469781,502.334358860161,505.87933349609375,16107000,0.0,0.0
2025-07-25 00:00:00-04:00,507.4537274302719,513.2167663968169,505.3643953860848,508.681640625,19125700,0.0,0.0
2025-07-28 00:00:00-04:00,509.0480107678364,509.9589885432546,505.12675096242896,507.48345947265625,14308000,0.0,0.0
2025-07-29 00:00:00-04:00,510.48381297361453,512.5533213636355,506.55264151082275,507.5527648925781,16469200,0.0,0.0
2025-07-30 00:00:00-04:00,510.12731827097724,510.89971236727115,504.4534248625209,508.2162170410156,26380400,0.0,0.0
2025-07-31 00:00:00-04:00,549.795171976257,550.0130499577134,526.6935786680993,528.2778930664062,51617300,0.0,0.0
2025-08-01 00:00:00-04:00,529.7632164041114,530.5553736121248,515.7616096000787,518.9797973632812,28977600,0.0,0.0
2025-08-04 00:00:00-04:00,523.0991177691142,532.981410508703,522.960473635689,530.39697265625,25349000,0.0,0.0
2025-08-05 00:00:00-04:00,531.9218555369729,532.0406760929504,522.0791498987046,522.5841674804688,19171600,0.0,0.0
2025-08-06 00:00:00-04:00,525.70337986457,526.4955370830186,518.9006307843745,519.8016967773438,21355700,0.0,0.0
2025-08-07 00:00:00-04:00,521.6434435727333,522.9208551796034,512.483986539974,515.7418212890625,16079100,0.0,0.0
2025-08-08 00:00:00-04:00,517.4845698020915,519.524403327164,514.3257923084495,516.9300537109375,15531000,0.0,0.0
2025-08-11 00:00:00-04:00,517.1875615378566,522.4258201385037,514.6327984158801,516.6627807617188,20194400,0.0,0.0
2025-08-12 00:00:00-04:00,518.6233183732385,525.7825288027884,517.5836082950698,524.0595703125,18667000,0.0,0.0
2025-08-13 00:00:00-04:00,526.901545781552,527.4857972911225,514.2862580919234,515.4844360351562,19619200,0.0,0.0
2025-08-14 00:00:00-04:00,517.445017549053,520.8018496782777,515.0487221853349,517.3657836914062,20269100,0.0,0.0
2025-08-15 00:00:00-04:00,517.6529556536844,520.9503168823401,513.9990723038397,515.078369140625,25213300,0.0,0.0
2025-08-18 00:00:00-04:00,516.4845535034275,517.7024945692299,508.98864359035275,512.0384521484375,23760600,0.0,0.0
2025-08-19 00:00:00-04:00,509.95896886179673,510.117376123604,503.57209201860513,504.7801513671875,21481000,0.0,0.0
2025-08-20 00:00:00-04:00,504.87920872605446,505.9981527246316,499.5023667236012,500.76983642578125,27723000,0.0,0.0
2025-08-21 00:00:00-04:00,499.57962247206007,503.48747238505433,498.6175369804135,500.1251220703125,18443300,0.83,0.0
2025-08-22 00:00:00-04:00,500.13506667774504,506.5621975190336,498.3100856343386,503.09075927734375,24324200,0.0,0.0
2025-08-25 00:00:00-04:00,502.4956437530773,504.04291093011733,500.00611695670057,500.1449890136719,21638600,0.0,0.0
2025-08-26 00:00:00-04:00,500.24412923099453,500.8590951140394,494.44189267773186,497.9430847167969,30835700,0.0,0.0
2025-08-27 00:00:00-04:00,497.9034268047853,503.1502662118434,495.8205578102606,502.604736328125,17277900,0.0,0.0
2025-08-28 00:00:00-04:00,502.95187030654046,506.91922816363694,501.3748491905692,505.4810791015625,18015600,0.0,0.0
2025-08-29 00:00:00-04:00,504.5090702372647,505.44140176386463,500.3730863144936,502.5551452636719,20961600,0.0,0.0
2025-09-02 00:00:00-04:00,496.38587753866574,501.87074834041937,492.75574161607386,500.9979248046875,18128000,0.0,0.0
2025-09-03 00:00:00-04:00,499.6787766683557,503.6461342434815,498.22077154875547,501.2260437011719,16345100,0.0,0.0
2025-09-04 00:00:00-04:00,500.1846427841772,504.00323087503085,499.0440334241921,503.82470703125,15509500,0.0,0.0
2025-09-05 00:00:00-04:00,504.9157294675595,507.79205789513924,488.35199810583333,490.9605407714844,31994800,0.0,0.0
2025-09-08 00:00:00-04:00,494.0451682561979,497.10997900607424,490.99031585598385,494.13446044921875,16771000,0.0,0.0
2025-09-09 00:00:00-04:00,497.33805669614713,498.15137232357364,493.63851485593227,494.34271240234375,14410500,0.0,0.0
2025-09-10 00:00:00-04:00,498.8754294126598,499.1233892811019,492.66650462093776,496.2867126464844,21611800,0.0,0.0
2025-09-11 00:00:00-04:00,498.15138006137016,499.0638857033828,493.8170463660224,496.9215087890625,18881600,0.0,0.0
2025-09-12 00:00:00-04:00,502.5154742767582,508.367321245748,499.73833579713096,505.73895263671875,23624900,0.0,0.0
2025-09-15 00:00:00-04:00,504.63802593930427,511.2634762434591,502.86262476523797,511.1543884277344,17143800,0.0,0.0
2025-09-16 00:00:00-04:00,512.6619733694059,513.0090929577493,504.449544036503,504.8859558105469,19711900,0.0,0.0
2025-09-17 00:00:00-04:00,506.4530809454648,507.11762672901375,501.8013512662406,505.85797119140625,15816600,0.0,0.0
2025-09-18 00:00:00-04:00,507.31595138937655,508.883074673213,503.5172196080818,504.30078125,18913700,0.0,0.0
2025-09-19 00:00:00-04:00,506.39357782967863,515.0622454615835,506.1456179521661,513.7034301757812,52474100,0.0,0.0
2025-09-22 00:00:00-04:00,511.3825425873763,513.5149611406991,508.35738375283694,510.2518310546875,20009300,0.0,0.0
2025-09-23 00:00:00-04:00,509.60711582016205,510.3907077578639,503.17008724169204,505.0744323730469,19799600,0.0,0.0
2025-09-24 00:00:00-04:00,506.215041937542,508.29788064425674,502.7832857896144,505.9869079589844,13533700,0.0,0.0
2025-09-25 00:00:00-04:00,504.15198973027213,505.84805701475193,500.9186136455738,502.8923645019531,15786500,0.0,0.0
2025-09-26 00:00:00-04:00,505.8976246789574,509.74596656687834,502.4856945681329,507.28619384765625,16213100,0.0,0.0
2025-09-29 00:00:00-04:00,507.325895548039,512.6322125671903,504.72728094557834,510.40057373046875,17617800,0.0,0.0
2025-09-30 00:00:00-04:00,509.05168089535164,513.9315141469417,505.5009089039439,513.7232666015625,19728200,0.0,0.0
2025-10-01 00:00:00-04:00,510.5989067561486,516.2623314762835,507.51430077675985,515.4688720703125,22632300,0.0,0.0
2025-10-02 00:00:00-04:00,513.4158303625842,517.343476169315,506.5126054199375,511.53131103515625,21222900,0.0,0.0
2025-10-03 00:00:00-04:00,512.8801529316524,516.2425031799986,510.7973143114264,513.1281127929688,15112300,0.0,0.0
2025-10-06 00:00:00-04:00,514.377848960065,526.6965386672223,513.9712214168786,524.256591796875,21388600,0.0,0.0
2025-10-07 00:00:00-04:00,523.9788663400786,525.4765536672338,517.1847899970462,519.7040405273438,14615200,0.0,0.0
2025-10-08 00:00:00-04:00,519.0098207695767,522.6498549115006,518.8213688365025,520.5669555664062,13363400,0.0,0.0
2025-10-09 00:00:00-04:00,518.07745494396,520.0512058016051,513.1777655449532,518.136962890625,18343600,0.0,0.0
2025-10-10 00:00:00-04:00,515.3994727403434,519.3073226434543,505.47115003636685,506.790283203125,24133800,0.0,0.0
2025-10-13 00:00:00-04:00,512.1958293204747,512.1958293204747,507.50444767633473,509.8551025390625,14284200,0.0,0.0
2025-10-14 00:00:00-04:00,506.06622732552523,511.07503445038043,501.87073577210117,509.37896728515625,14684300,0.0,0.0
2025-10-15 00:00:00-04:00,510.7577169104775,512.9694997370561,505.8381709448021,509.24017333984375,14694700,0.0,0.0
2025-10-16 00:00:00-04:00,508.3970827878481,512.6321960787722,503.9833851231019,507.4349670410156,15559600,0.0,0.0
2025-10-17 00:00:00-04:00,504.8859867353243,511.2734052578957,503.1700935064365,509.3889465332031,19867800,0.0,0.0
2025-10-20 00:00:00-04:00,510.41055088987974,514.4672014016805,509.24018745186737,512.57275390625,14665600,0.0,0.0
2025-10-21 00:00:00-04:00,513.2769402267872,514.4572316509175,508.8533142722573,513.4356079101562,15586200,0.0,0.0
2025-10-22 00:00:00-04:00,516.8971212574951,520.9437823737373,513.4851913413816,516.2920532226562,18962700,0.0,0.0
2025-10-23 00:00:00-04:00,518.1964698863214,519.6743010066873,514.3778516149157,516.3119506835938,14023500,0.0,0.0
2025-10-24 00:00:00-04:00,518.5237814648117,521.0628883153897,516.4607987679614,519.3370971679688,15532400,0.0,0.0
2025-10-27 00:00:00-04:00,527.4404441110845,530.2175826339089,524.6930292943027,527.1825561523438,18734700,0.0,0.0
2025-10-28 00:00:00-04:00,545.5116410650497,549.2012543795508,536.356983260493,537.6463623046875,29986700,0.0,0.0
2025-10-29 00:00:00-04:00,540.4929653309738,541.8121286840217,532.3499420595073,537.130615234375,36023000,0.0,0.0
2025-10-30 00:00:00-04:00,526.1509968235328,530.6043464776645,517.8592331602406,521.4695434570312,41023100,0.0,0.0
2025-10-31 00:00:00-04:00,524.5640198650095,525.0004316167937,510.896444053691,513.5843505859375,34006400,0.0,0.0
2025-11-03 00:00:00-05:00,515.5680119038287,520.676008789008,510.3906395365282,512.8107299804688,22374700,0.0,0.0
2025-11-04 00:00:00-05:00,507.5837474278435,511.34279700787874,503.6957236126803,510.1327819824219,20958700,0.0,0.0
2025-11-05 00:00:00-05:00,509.1112106662694,510.6287541811956,502.4460479183387,503.0213317871094,23024300,0.0,0.0
2025-11-06 00:00:00-05:00,501.53353925537283,501.5732213085109,491.7639146320967,493.04339599609375,27406500,0.0,0.0
2025-11-07 00:00:00-05:00,492.89463000746537,495.30479262227396,489.2248119110569,492.76568603515625,24019800,0.0,0.0
2025-11-10 00:00:00-05:00,495.9594336108676,502.7138582055711,494.729532044403,501.87078857421875,26101500,0.0,0.0
2025-11-11 00:00:00-05:00,500.68055811559174,505.4414057875519,498.2505695472254,504.5289001464844,17980000,0.0,0.0
2025-11-12 00:00:00-05:00,505.20330782589343,507.4944847122113,495.04688194383186,506.96881103515625,26574900,0.0,0.0
2025-11-13 00:00:00-05:00,506.1455939798088,509.3095642884979,497.1992129195551,499.1828918457031,25273100,0.0,0.0
2025-11-14 00:00:00-05:00,494.1641988801248,507.4250879884235,493.38063720960855,506.01666259765625,28505700,0.0,0.0
2025-11-17 00:00:00-05:00,504.300789978241,507.94082387806293,500.7896697837805,503.3486022949219,19092800,0.0,0.0
2025-11-18 00:00:00-05:00,491.3275301094218,498.87544447228873,482.8076324047851,489.76043701171875,33815100,0.0,0.0
2025-11-19 00:00:00-05:00,486.1005596390223,491.14901921379453,478.88986688506054,483.1448669433594,23245300,0.0,0.0
2025-11-20 00:00:00-05:00,489.6038857855625,490.4584800066478,472.50238827815747,475.4139099121094,26802500,0.91,0.0
2025-11-21 00:00:00-05:00,475.4834301610789,475.9007957312625,465.3179114267742,469.1436462402344,31769200,0.0,0.0
2025-11-24 00:00:00-05:00,472.005536687022,473.89355276873187,465.06952862032074,471.0118408203125,34421000,0.0,0.0
2025-11-25 00:00:00-05:00,471.08136597664605,476.12932719889915,461.9592459889855,473.9829406738281,28019800,0.0,0.0
2025-11-26 00:00:00-05:00,483.24419169180504,485.2315832491155,478.16642081896737,482.4393005371094,25709100,0.0,0.0
2025-11-28 00:00:00-05:00,484.5260924315005,489.5243812398697,483.5820692635899,488.9082946777344,14386700,0.0,0.0
2025-12-01 00:00:00-05:00,485.3607732415945,486.7718042788117,481.59465771305275,483.6714782714844,23964000,0.0,0.0
2025-12-02 00:00:00-05:00,483.6516286444489,490.38888506208144,483.2541563831954,486.91094970703125,19562700,0.0,0.0
2025-12-03 00:00:00-05:00,473.3171775583083,481.18723109312356,472.2042431453193,474.7182922363281,34615100,0.0,0.0
2025-12-04 00:00:00-05:00,476.7355071807625,478.2856702042714,473.4861025034468,477.8086853027344,22318200,0.0,0.0
2025-12-05 00:00:00-05:00,479.4780948278929,480.35255199911325,475.86105782216015,480.11407470703125,22608700,0.0,0.0
2025-12-08 00:00:00-05:00,481.8331998835391,489.1964595164875,481.32640529111774,487.9245300292969,21965900,0.0,0.0
2025-12-09 00:00:00-05:00,486.016607703579,489.01755801519323,485.42038417588924,488.9181823730469,14696100,0.0,0.0
2025-12-10 00:00:00-05:00,480.97857754952304,481.19719183884354,472.084987996716,475.5430603027344,35756200,0.0,0.0
2025-12-11 00:00:00-05:00,473.6252433732215,482.96597801292137,472.86007818396723,480.422119140625,24669200,0.0,0.0
2025-12-12 00:00:00-05:00,476.79512068758515,479.40854546431024,473.3370484252935,475.51324462890625,21248100,0.0,0.0
2025-12-15 00:00:00-05:00,477.0733729131614,477.6894594742654,469.5411415575728,471.82666015625,23727700,0.0,0.0
2025-12-16 00:00:00-05:00,468.9350114671635,474.87732355778707,467.911505956298,473.38677978515625,20705600,0.0,0.0
2025-12-17 00:00:00-05:00,473.903466892556,476.9739832708393,472.0055042784347,473.1184387207031,24527200,0.0,0.0
2025-12-18 00:00:00-05:00,475.17538699144035,486.5134594689822,474.8772903878124,480.92889404296875,28573500,0.0,0.0
2025-12-19 00:00:00-05:00,484.2875529363844,484.77448448182145,479.4482594182398,482.8566589355469,70836100,0.0,0.0
2025-12-22 00:00:00-05:00,483.0554234208069,485.64898536737695,479.6470539215635,481.8630065917969,16963000,0.0,0.0
2025-12-23 00:00:00-05:00,481.9226163967179,484.7546252629152,481.6841087754749,483.78082275390625,14683600,0.0,0.0
2025-12-24 00:00:00-05:00,482.61817584356095,486.0762481946253,481.77352833631136,484.94342041015625,5855900,0.0,0.0
2025-12-26 00:00:00-05:00,483.64171061957336,485.04282544173617,482.8964387136479,484.6354064941406,8842200,0.0,0.0
2025-12-29 00:00:00-05:00,481.80333660098637,485.27135560420123,481.1276307272214,484.02923583984375,10893400,0.0,0.0
2025-12-30 00:00:00-05:00,482.8666136001516,486.5929730105466,482.43933166580535,484.4068603515625,13944500,0.0,0.0
2025-12-31 00:00:00-05:00,484.7645645601486,485.06269150087525,480.25317705215497,480.5711669921875,15601600,0.0,0.0
2026-01-02 00:00:00-05:00,481.3363251826272,481.6046121327098,467.1960229709088,469.95849609375,25571600,0.0,0.0
2026-01-05 00:00:00-05:00,471.071443053882,473.0687813775576,466.5401924921144,469.86907958984375,25250300,0.0,0.0
2026-01-06 00:00:00-05:00,470.8130789419108,475.7219388392127,466.7886229022075,475.493408203125,23037700,0.0,0.0
2026-01-07 00:00:00-05:00,476.73551614076564,486.6128550141313,474.936929133209,480.422119140625,25564200,0.0,0.0
2026-01-08 00:00:00-05:00,478.20615894860083,479.61722033317443,472.8600706717694,475.09588623046875,18162600,0.0,0.0
2026-01-09 00:00:00-05:00,471.0714211959582,476.7951186190047,469.2231615927928,476.2585144042969,18491000,0.0,0.0
2026-01-12 00:00:00-05:00,473.6649886945649,477.95773148860775,472.68120923483104,474.1717529296875,23519900,0.0,0.0
2026-01-13 00:00:00-05:00,471.68751939768345,472.7805908527595,463.01257439213845,467.70281982421875,28545800,0.0,0.0
2026-01-14 00:00:00-05:00,463.51936213123724,465.24841354789686,454.2879494306214,456.4840087890625,28184300,0.0,0.0
2026-01-15 00:00:00-05:00,461.1941211270383,461.3233064418312,453.02593988397814,453.7811584472656,23225800,0.0,0.0
2026-01-16 00:00:00-05:00,454.94376661538865,460.2699922453042,453.6023014516422,456.9609680175781,34246700,0.0,0.0
2026-01-20 00:00:00-05:00,448.37541805572727,453.92022725149957,446.44764578645413,451.65460205078125,26130000,0.0,0.0
2026-01-21 00:00:00-05:00,449.74670883889326,449.8361378186282,435.9144504613163,441.3102111816406,37980500,0.0,0.0
2026-01-22 00:00:00-05:00,444.79810039972057,449.9851935867555,441.89652570286836,448.2959289550781,25349400,0.0,0.0
2026-01-23 00:00:00-05:00,449.02131930234236,468.1301005814363,447.6897705604439,463.0125732421875,38000200,0.0,0.0
2026-01-26 00:00:00-05:00,462.376577380716,471.26022001105116,459.0874468004336,467.31524658203125,29291200,0.0,0.0
2026-01-27 00:00:00-05:00,470.7137518035326,479.8259260665289,470.17714753577707,477.55035400390625,29213900,0.0,0.0
2026-01-28 00:00:00-05:00,480.1637149068934,480.69037244143027,474.9865685400099,478.59368896484375,36875400,0.0,0.0
2026-01-29 00:00:00-05:00,437.2162272399066,439.7104135269112,418.36581575660404,430.76715087890625,128855300,0.0,0.0
2026-01-30 00:00:00-05:00,436.4013853645445,436.8286672682951,423.7615739365565,427.5773620605469,58566800,0.0,0.0
2026-02-02 00:00:00-05:00,427.5277051213245,428.0245530606437,419.58808475506504,420.7010192871094,42219900,0.0,0.0
2026-02-03 00:00:00-05:00,419.34957819955315,419.3893041977899,405.9843574339844,408.6176452636719,61424100,0.0,0.0
2026-02-04 00:00:00-05:00,408.4089957411405,417.15350712085007,406.6600813351222,411.5788879394531,45012400,0.0,0.0
2026-02-05 00:00:00-05:00,404.87141244319446,405.72597626088844,389.84673704915224,391.188232421875,66289200,0.0,0.0
2026-02-06 00:00:00-05:00,396.6535630940219,399.25704122003975,390.4429643868461,398.61114501953125,53515300,0.0,0.0
2026-02-09 00:00:00-05:00,402.297746078297,412.2744602868579,398.34282592261525,410.9925842285156,45480500,0.0,0.0
2026-02-10 00:00:00-05:00,416.97464756162884,421.0090502850332,410.0982892644293,410.6646728515625,44857900,0.0,0.0
2026-02-11 00:00:00-05:00,413.5562839573264,413.83451755028244,398.4819366306212,401.82073974609375,42491000,0.0,0.0
2026-02-12 00:00:00-05:00,402.4467839094351,403.6392309547976,395.5008602319473,399.30670166015625,40802400,0.0,0.0
2026-02-13 00:00:00-05:00,401.90028127287496,402.98340606348665,395.54060384789733,398.7900085449219,34091600,0.0,0.0
2026-02-17 00:00:00-05:00,396.7032617740463,397.9950542597942,392.04282577248057,394.3581237792969,32078800,0.0,0.0
2026-02-18 00:00:00-05:00,395.6201070500213,400.02217209191446,393.8215201082963,397.0808410644531,23223400,0.0,0.0
2026-02-19 00:00:00-05:00,399.07278661262325,402.7976819572589,395.0690225854118,396.8517761230469,28234000,0.91,0.0
2026-02-20 00:00:00-05:00,394.51123443489973,398.5050592846536,393.56508699389525,395.6267395019531,34015200,0.0,0.0
2026-02-23 00:00:00-05:00,393.4057107487328,393.7642431363039,381.55374731391754,382.918212890625,43238300,0.0,0.0
2026-02-24 00:00:00-05:00,382.58959213032324,387.7884945775691,380.16937672197673,387.4299621582031,33884700,0.0,0.0
2026-02-25 00:00:00-05:00,388.95376053046306,399.84960746436826,388.5852587696308,398.9831237792969,43625500,0.0,0.0
2026-02-26 00:00:00-05:00,403.0765245044552,405.8453028142193,397.1306190557743,400.0986022949219,34405900,0.0,0.0
2026-02-27 00:00:00-05:00,389.30236795593413,395.2183958601928,388.30640407164015,391.15484619140625,51367200,0.0,0.0
2026-03-02 00:00:00-05:00,391.2743390590049,399.57073485574693,389.0533591512552,396.9413757324219,35474900,0.0,0.0
2026-03-03 00:00:00-05:00,391.5532542396072,405.05852201627056,391.0851500003899,402.2996826171875,38199200,0.0,0.0
2026-03-04 00:00:00-05:00,399.6504140582061,409.3710312257941,398.69429724653685,403.5645751953125,35808000,0.0,0.0
2026-03-05 00:00:00-05:00,402.78771732924594,409.9486695143622,402.7677785996419,409.0224304199219,39001300,0.0,0.0
2026-03-06 00:00:00-05:00,407.54843921074234,411.38287590243635,406.8612216895844,407.30938720703125,31123900,0.0,0.0
2026-03-09 00:00:00-04:00,403.2857003455267,408.55432729115563,401.8714182880504,407.757568359375,30131900,0.0,0.0
2026-03-10 00:00:00-04:00,408.37506928692744,408.5443965203919,401.30371964643086,404.122314453125,31706400,0.0,0.0
2026-03-11 00:00:00-04:00,403.9330670994013,407.35918518479474,399.96912002302975,403.245849609375,25512100,0.0,0.0
2026-03-12 00:00:00-04:00,402.99687655683135,404.4808530373378,400.08864860368743,400.238037109375,27263900,0.0,0.0
2026-03-13 00:00:00-04:00,399.3815063856616,403.16615688192843,392.65875035547907,393.9534912109375,26848000,0.0,0.0
2026-03-16 00:00:00-04:00,396.4633374914087,399.01300251860397,393.1965772756644,398.33575439453125,27733700,0.0,0.0
2026-03-17 00:00:00-04:00,398.6544268926901,402.7677623283013,396.1446090107731,397.79791259765625,26228300,0.0,0.0
2026-03-18 00:00:00-04:00,395.5271533612366,396.39363710184665,389.42188971563326,390.2087097167969,25908500,0.0,0.0
2026-03-19 00:00:00-04:00,388.52551763585893,390.90585551603124,385.4977789148814,387.4498596191406,25138800,0.0,0.0
2026-03-20 00:00:00-04:00,385.22889118681917,385.43803509853177,378.58579850034175,380.3287353515625,50853200,0.0,0.0
2026-03-23 00:00:00-04:00,382.3505545919761,385.64719283721575,380.1395134056624,381.4541931152344,29680100,0.0,0.0
2026-03-24 00:00:00-04:00,380.8167328036651,380.9263046350485,370.34917314154325,371.2355651855469,42733600,0.0,0.0
2026-03-25 00:00:00-04:00,375.39872248264555,375.5381416220395,368.13813722010167,369.5424499511719,31181200,0.0,0.0
2026-03-26 00:00:00-04:00,369.3233510512375,373.2076042912997,363.71606927386256,364.492919921875,36836600,0.0,0.0
2026-03-27 00:00:00-04:00,360.43931657918756,360.9871149414508,355.07108715320055,355.33001708984375,37883400,0.0,0.0
2026-03-30 00:00:00-04:00,360.4393055378546,363.8853318939423,354.8419936524484,357.51116943359375,44797000,0.0,0.0
2026-03-31 00:00:00-04:00,363.07862179545566,371.3949263066763,361.6046146993887,368.67596435546875,45244400,0.0,0.0
2026-04-01 00:00:00-04:00,371.98254731341393,372.48052926345224,366.7139201659809,367.8791809082031,29417200,0.0,0.0
2026-04-02 00:00:00-04:00,365.7278929006101,372.1319638369453,362.680245817395,371.9526672363281,24099100,0.0,0.0
2026-04-06 00:00:00-04:00,371.98252335059567,372.22157533941066,368.0086373714944,371.375,16146600,0.0,0.0
2026-04-07 00:00:00-04:00,368.8452727581139,370.9467724245638,365.080530373921,370.78741455078125,21443300,0.0,0.0
2026-04-08 00:00:00-04:00,383.426192668859,383.4461010048471,369.9109552686541,372.81915283203125,33064800,0.0,0.0
2026-04-09 00:00:00-04:00,370.9965632857518,371.99252721403565,365.5685477188417,371.56427001953125,30435300,0.0,0.0
2026-04-10 00:00:00-04:00,371.47463812837884,374.12390583360843,368.5365323725683,369.3731384277344,28111100,0.0,0.0
2026-04-13 00:00:00-04:00,372.10205289266787,382.98796126737693,369.5225100750242,382.8186340332031,35745800,0.0,0.0
2026-04-14 00:00:00-04:00,386.3543213772784,393.09698589720546,384.95994763093,391.5233459472656,37504500,0.0,0.0
2026-04-15 00:00:00-04:00,396.3936283702306,412.69755239260473,395.1287651714373,409.5602722167969,45063400,0.0,0.0
2026-04-16 00:00:00-04:00,418.16537187855886,419.12151906860663,410.4765600541581,418.56378173828125,41642400,0.0,0.0
2026-04-17 00:00:00-04:00,423.10539315661504,429.83808848207923,418.99205736838906,421.0835876464844,48568200,0.0,0.0
2026-04-20 00:00:00-04:00,419.4501847919345,421.6213787702164,414.6197538627068,416.38262939453125,27582200,0.0,0.0
2026-04-21 00:00:00-04:00,418.54386715015573,425.4558591722327,415.51615872358184,422.44805908203125,32048500,0.0,0.0
2026-04-22 00:00:00-04:00,424.4698510786937,431.9495495900464,421.9600330275293,431.1726989746094,29378200,0.0,0.0
2026-04-23 00:00:00-04:00,418.19526527607866,421.9500379562064,409.7494810939023,414.07196044921875,38308000,0.0,0.0
2026-04-24 00:00:00-04:00,415.28707116170386,423.23487407473965,414.12178001797366,422.90618896484375,27457400,0.0,0.0
2026-04-27 00:00:00-04:00,420.6752229306716,425.38611256831246,415.3866572294081,423.1053771972656,30867300,0.0,0.0
2026-04-28 00:00:00-04:00,422.8563830057505,428.1847957314844,420.197146128082,427.5174865722656,30438100,0.0,0.0
2026-04-29 00:00:00-04:00,422.866306449911,425.0972860808559,418.59364353468584,422.7467956542969,38288300,0.0,0.0
2026-04-30 00:00:00-04:00,409.15192465494977,412.74737011555624,396.4035989759817,406.1341552734375,70909400,0.0,0.0
2026-05-01 00:00:00-04:00,411.1338775963461,415.4264794885345,408.7834174283456,412.76727294921875,31372400,0.0,0.0
2026-05-04 00:00:00-04:00,409.87897009526375,419.0816663151199,409.14193618030583,411.9505615234375,28066500,0.0,0.0
2026-05-05 00:00:00-04:00,413.6437352165572,415.09783400354706,407.1500311208482,409.7196350097656,25700900,0.0,0.0
2026-05-06 00:00:00-04:00,406.3532485673598,416.73120520087787,403.4748984673602,412.2891845703125,30285900,0.0,0.0
2026-05-07 00:00:00-04:00,418.41437649189606,426.25263786097554,417.06984955189336,419.07171630859375,34942400,0.0,0.0
2026-05-08 00:00:00-04:00,415.70537649227293,416.9403619714099,412.32904436576047,413.44451904296875,33383800,0.0,0.0
2026-05-11 00:00:00-04:00,406.22377045102496,411.02432350049145,403.86334099070683,410.99444580078125,35657900,0.0,0.0
2026-05-12 00:00:00-04:00,412.8071154720842,413.8229876767416,404.9987623844293,406.1241760253906,38594200,0.0,0.0
2026-05-13 00:00:00-04:00,401.57265715241186,404.6700902960666,399.41140211310335,403.57452392578125,29667100,0.0,0.0
2026-05-14 00:00:00-04:00,402.847493220503,410.1777730080913,399.2620170659624,407.7774963378906,27077500,0.0,0.0
2026-05-15 00:00:00-04:00,412.5979239362014,426.4418454559798,411.2434277199191,420.2170715332031,50771200,0.0,0.0
2026-05-18 00:00:00-04:00,414.93848271907115,423.40417602339767,413.9325494355234,421.83056640625,32564100,0.0,0.0
2026-05-19 00:00:00-04:00,428.16486989475214,430.9535870211983,414.808990493047,415.7352600097656,33018700,0.0,0.0
2026-05-20 00:00:00-04:00,412.49835957243755,420.3963455784958,409.63991780241736,419.36053466796875,27864000,0.0,0.0
2026-05-21 00:00:00-04:00,423.9518891931334,425.5388979071037,414.92886694253497,418.3025207519531,31393500,0.91,0.0
2026-05-22 00:00:00-04:00,418.7517174636334,423.60257118762803,415.54772693408205,417.7835388183594,22390300,0.0,0.0
2026-05-26 00:00:00-04:00,415.6475333356961,418.9812539216563,412.24393696715845,415.248291015625,30398000,0.0,0.0
2026-05-27 00:00:00-04:00,410.23773822181624,415.15846763645,408.8104019854481,411.8946228027344,28901500,0.0,0.0
2026-05-28 00:00:00-04:00,412.2040283766931,428.68298564682067,411.89461329838434,426.18768310546875,47250500,0.0,0.0
2026-05-29 00:00:00-04:00,431.7372486144539,449.48383969057267,431.54760317786213,449.3940124511719,79654400,0.0,0.0
2026-06-01 00:00:00-04:00,463.96658383705716,465.4438139523178,457.40892124774234,459.6546936035156,53628900,0.0,0.0
2026-06-02 00:00:00-04:00,446.0403151791343,452.64787129328397,439.6024225764256,440.48077392578125,37036800,0.0,0.0
2026-06-03 00:00:00-04:00,437.62618910935214,439.56254639446627,423.45285793258154,426.53704833984375,39037000,0.0,0.0
2026-06-04 00:00:00-04:00,434.9911260035114,435.33048350032107,425.60879436274143,427.2456970214844,26899500,0.0,0.0
2026-06-05 00:00:00-04:00,427.5351398188391,428.66302140752947,413.6213308264138,415.8870849609375,34782200,0.0,0.0
2026-06-08 00:00:00-04:00,413.3618539280056,416.37616844333525,407.79232157753756,410.9663391113281,32086700,0.0,0.0
2026-06-09 00:00:00-04:00,408.26144336727174,411.20591258759293,397.7312786929967,402.6520080566406,35317300,0.0,0.0
2026-06-10 00:00:00-04:00,397.80110870103243,404.2789346443135,396.41373636313654,396.61334228515625,32576000,0.0,0.0
2026-06-11 00:00:00-04:00,394.46741202742857,396.1043451719433,383.278483574852,389.6065673828125,47224100,0.0,0.0
2026-06-12 00:00:00-04:00,390.6945042817559,391.003919361718,381.55171206615995,390.00579833984375,34865800,0.0,0.0
2026-06-15 00:00:00-04:00,396.05442037645633,400.99513175706005,392.11186050588947,399.0088806152344,32266400,0.0,0.0
2026-06-16 00:00:00-04:00,395.0463355104342,396.094350419825,389.9559121071713,393.0899963378906,31506800,0.0,0.0
2026-06-17 00:00:00-04:00,389.51671695343225,389.6364865987809,376.6110198431126,378.1980285644531,41987800,0.0,0.0
2026-06-18 00:00:00-04:00,377.11008548581106,380.6534028700893,372.5786075934489,378.6871032714844,59714200,0.0,0.0
2026-06-22 00:00:00-04:00,375.0339909424311,380.9129385065033,366.3802985575179,366.6497802734375,45171100,0.0,0.0
2026-06-23 00:00:00-04:00,371.6802994138851,376.51120135394876,369.9735210485466,373.23736572265625,40647600,0.0,0.0
2026-06-24 00:00:00-04:00,370.87185096853153,378.16811350773463,364.09460041679364,364.7733154296875,44509900,0.0,0.0
2026-06-25 00:00:00-04:00,362.0883479855026,363.5456265920902,348.54386902384044,352.1670227050781,66179000,0.0,0.0
2026-06-26 00:00:00-04:00,356.4789138154501,375.90234020580533,354.762144454129,372.2691955566406,186201600,0.0,0.0
2026-06-29 00:00:00-04:00,376.790685328561,379.7850483907747,359.2237492715265,367.8774719238281,51229900,0.0,0.0
2026-06-30 00:00:00-04:00,370.3328407149792,373.44697342275583,366.7595808670141,372.319091796875,44945700,0.0,0.0
2026-07-01 00:00:00-04:00,380.1144231011508,388.09939143880604,374.18561213385976,383.5579528808594,48065800,0.0,0.0
2026-07-02 00:00:00-04:00,383.7575696594082,391.4630649298244,382.97903650468743,389.7562561035156,42128900,0.0,0.0
2026-07-06 00:00:00-04:00,386.31276024010407,388.418780928489,380.5036887115837,386.0133056640625,34224500,0.0,0.0
2026-07-07 00:00:00-04:00,391.75251064257776,394.8267404517197,387.4905448392632,388.109375,29297500,0.0,0.0
2026-07-08 00:00:00-04:00,383.3084264217563,384.58602015004215,380.6134873969759,382.6197204589844,25908300,0.0,0.0
2026-07-09 00:00:00-04:00,373.74643420118315,383.92725049460796,372.64849496928053,383.6377868652344,31083200,0.0,0.0
2026-07-10 00:00:00-04:00,387.07131223677504,391.1736053926777,380.783162110783,384.37640380859375,24644600,0.0,0.0
2026-07-13 00:00:00-04:00,387.02143811329415,392.91034623109437,383.4281962321871,390.2553405761719,28914900,0.0,0.0
2026-07-14 00:00:00-04:00,382.1007052927433,387.46061042423804,377.93852713765,384.20672607421875,27863900,0.0,0.0
2026-07-15 00:00:00-04:00,387.07132248997675,398.2103568181361,385.6739591427675,394.8866271972656,36253700,0.0,0.0
2026-07-16 00:00:00-04:00,397.56157784187184,405.2271399033625,391.31333055964967,400.3463439941406,37047400,0.0,0.0
2026-07-17 00:00:00-04:00,394.1180409920291,397.64143734197864,388.6583483977542,393.08001708984375,33049800,0.0,0.0
2026-07-20 00:00:00-04:00,390.67455694621333,402.4224305318551,388.91785418191677,401.53411865234375,27915800,0.0,0.0
2026-07-21 00:00:00-04:00,398.0606303262699,400.7156358198418,395.57531880381754,397.00262451171875,24126600,0.0,0.0
2026-07-22 00:00:00-04:00,398.8291961465565,400.246541441447,386.2329133568751,389.6065673828125,28142500,0.0,0.0
2026-07-23 00:00:00-04:00,389.23725659651495,391.04385321150613,376.68090752842744,380.8630065917969,30351800,0.0,0.0
2026-07-24 00:00:00-04:00,386.32274187573427,388.29903252889795,379.9347732203772,380.9828186035156,27659400,0.0,0.0
2026-07-27 00:00:00-04:00,389.3470355932277,393.45931979821836,387.2609663085435,388.368896484375,27856200,0.0,0.0
2026-07-28 00:00:00-04:00,392.4212554523594,399.56780545733704,390.5647345556998,392.61090087890625,32367500,0.0,0.0
2026-07-29 00:00:00-04:00,392.6607942930367,400.4960502148319,388.00954678983055,389.8061828613281,47209000,0.0,0.0
2026-07-30 00:00:00-04:00,437.07720086969465,457.8281459885008,431.6274684759506,450.2524108886719,110160700,0.0,0.0
2026-07-31 00:00:00-04:00,449.1544591210436,465.962813447145,448.4857046349594,463.8468017578125,60846000,0.0,0.0
2026-08-03 00:00:00-04:00,475.2353605631651,490.7261876465455,474.10747895013026,486.73370361328125,66762100,0.0,0.0
2026-08-04 00:00:00-04:00,479.99640781848416,498.50158065157444,478.2696778930625,491.884033203125,50455500,0.0,0.0
2026-08-05 00:00:00-04:00,495.42733843271316,497.3038108374591,484.7674131728324,486.5440673828125,33388900,0.0,0.0
2026-08-06 00:00:00-04:00,487.6319998350186,500.61756372489685,487.60205742358346,498.9207458496094,36441500,0.0,0.0
2026-08-07 00:00:00-04:00,498.2719734340298,504.23075699317457,497.79289485093346,499.0505065917969,28846200,0.0,0.0
2026-08-10 00:00:00-04:00,502.4940586092805,512.7647021753171,501.32624359045303,505.109130859375,31206100,0.0,0.0
2026-08-11 00:00:00-04:00,503.3823542433026,504.38047525067043,498.61133704649393,502.86334228515625,23049800,0.0,0.0
2026-08-12 00:00:00-04:00,499.0505227551261,500.557695253814,490.59643643442394,491.5047302246094,29001500,0.0,0.0
2026-08-13 00:00:00-04:00,492.34314786956145,500.3979918654044,492.0836571155829,495.9463806152344,23039000,0.0,0.0
2026-08-14 00:00:00-04:00,495.42733437790497,499.07050046550256,492.991947114923,494.4691467285156,16217600,0.0,0.0
2026-08-17 00:00:00-04:00,489.21906226283284,491.73431632358415,477.51109147171053,479.44744873046875,29635800,0.0,0.0
2026-08-18 00:00:00-04:00,480.6352093836093,483.36006030134655,476.2534434403709,480.72503662109375,24087600,0.0,0.0
2026-08-19 00:00:00-04:00,479.16797047398614,488.3806080919379,478.4592826108848,483.3999938964844,19961900,0.0,0.0
2026-08-20 00:00:00-04:00,483.29998779296875,484.1600036621094,479.5,481.1499938964844,20020800,0.91,0.0
2026-08-21 00:00:00-04:00,479.8800048828125,486.3599853515625,478.5299987792969,483.239990234375,22510800,0.0,0.0
2026-08-24 00:00:00-04:00,483.2099914550781,490.6099853515625,481.8599853515625,487.30999755859375,17230800,0.0,0.0
2026-08-25 00:00:00-04:00,485.44000244140625,492.44000244140625,484.29998779296875,491.7099914550781,19519000,0.0,0.0
2026-08-26 00:00:00-04:00,487.8500061035156,497.3999938964844,487.30999755859375,496.3699951171875,20758900,0.0,0.0
2026-08-27 00:00:00-04:00,494.8800048828125,506.4800109863281,490.0799865722656,505.05999755859375,28688800,0.0,0.0
2026-08-28 00:00:00-04:00,505.3299865722656,517.780029296875,504.8699951171875,513.530029296875,29207300,0.0,0.0
2026-08-31 00:00:00-04:00,510.3800048828125,512.1900024414062,506.3900146484375,507.2900085449219,27208900,0.0,0.0
2026-09-01 00:00:00-04:00,497.5199890136719,505.9700012207031,496.7799987792969,501.0199890136719,21046900,0.0,0.0
2026-09-02 00:00:00-04:00,499.8500061035156,500.2699890136719,493.80999755859375,496.82000732421875,15336100,0.0,0.0
2026-09-03 00:00:00-04:00,501.6600036621094,515.6500244140625,500.79998779296875,510.1199951171875,24125900,0.0,0.0
2026-09-04 00:00:00-04:00,510.0,511.0,499.3599853515625,499.70001220703125,18101800,0.0,0.0
2026-09-08 00:00:00-04:00,493.010009765625,495.19000244140625,490.1499938964844,493.95001220703125,18882300,0.0,0.0
2026-09-09 00:00:00-04:00,493.07000732421875,494.3900146484375,489.79998779296875,491.6499938964844,12889600,0.0,0.0
2026-09-10 00:00:00-04:00,488.32000732421875,494.5199890136719,486.0,492.44000244140625,16038800,0.0,0.0
2026-09-11 00:00:00-04:00,495.6499938964844,498.9700012207031,492.5799865722656,495.6300048828125,14510500,0.0,0.0
2026-09-14 00:00:00-04:00,497.05999755859375,509.95001220703125,495.3399963378906,505.4100036621094,23091900,0.0,0.0
2026-09-15 00:00:00-04:00,500.05999755859375,505.8999938964844,495.5400085449219,497.1199951171875,17794600,0.0,0.0
2026-09-16 00:00:00-04:00,493.0299987792969,495.9700012207031,487.2300109863281,490.29998779296875,16670300,0.0,0.0
2026-09-17 00:00:00-04:00,497.79998779296875,501.4700012207031,493.1700134277344,497.75,17841600,0.0,0.0
2026-09-18 00:00:00-04:00,497.9700012207031,498.6499938964844,491.1000061035156,493.7799987792969,39622300,0.0,0.0
2026-09-21 00:00:00-04:00,494.95001220703125,501.8699951171875,491.3299865722656,501.6099853515625,27959900,0.0,0.0
2026-09-22 00:00:00-04:00,507.32000732421875,508.5,493.6499938964844,498.0,21652800,0.0,0.0
2026-09-23 00:00:00-04:00,500.760009765625,509.44000244140625,495.8800048828125,500.5899963378906,19445600,0.0,0.0
2026-09-24 00:00:00-04:00,495.07000732421875,498.8999938964844,491.2200012207031,497.92999267578125,16657600,0.0,0.0
2026-09-25 00:00:00-04:00,499.0400085449219,519.4000244140625,497.25,516.1699829101562,38193100,0.0,0.0
2026-09-28 00:00:00-04:00,505.4700012207031,513.3300170898438,502.2200012207031,509.2200012207031,19626900,0.0,0.0
2026-09-29 00:00:00-04:00,508.30999755859375,513.6400146484375,502.3999938964844,508.9599914550781,21341800,0.0,0.0
2026-09-30 00:00:00-04:00,511.6099853515625,519.8300170898438,510.30999755859375,512.9000244140625,27223300,0.0,0.0
2026-10-01 00:00:00-04:00,519.8800048828125,522.8499755859375,512.1699829101562,512.7999877929688,19731900,0.0,0.0
2026-10-02 00:00:00-04:00,519.3900146484375,522.5,513.6599731445312,517.530029296875,17822300,0.0,0.0
2026-10-05 00:00:00-04:00,521.6199951171875,532.3499755859375,521.469970703125,525.1799926757812,26604800,0.0,0.0
2026-10-06 00:00:00-04:00,531.6799926757812,535.6900024414062,528.780029296875,529.2999877929688,21092600,0.0,0.0
